2025-09-01 helsinki: 288 rows -> /home/maya/github/Finnish-energy-pipeline/data/staging/fmi/weather/date=2025-09-01/station=helsinki/data.parquet
2025-09-01 oulu: 288 rows -> /home/maya/github/Finnish-energy-pipeline/data/staging/fmi/weather/date=2025-09-01/station=oulu/data.parquet
2025-09-01 rovaniemi: 288 rows -> /home/maya/github/Finnish-energy-pipeline/data/staging/fmi/weather/date=2025-09-01/station=rovaniemi/data.parquet
2025-09-01 tampere: 288 rows -> /home/maya/github/Finnish-energy-pipeline/data/staging/fmi/weather/date=2025-09-01/station=tampere/data.parquet
2025-09-01 turku: 288 rows -> /home/maya/github/Finnish-energy-pipeline/data/staging/fmi/weather/date=2025-09-01/station=turku/data.parquet
2025-09-01 vaasa: 288 rows -> /home/maya/github/Finnish-energy-pipeline/data/staging/fmi/weather/date=2025-09-01/station=vaasa/data.parquet
2025-09-02 helsinki: 288 rows -> /home/maya/github/Finnish-energy-pipeline/data/staging/fmi/weather/date=2025-09-02/station=helsinki/data.parquet
2025-09-02 oulu: 288 rows -> /home/maya/github/Finnish-energy-pipeline/data/staging/fmi/weather/date=2025-09-02/station=oulu/data.parquet
2025-09-02 rovaniemi: 288 rows -> /home/maya/github/Finnish-energy-pipeline/data/staging/fmi/weather/date=2025-09-02/station=rovaniemi/data.parquet
2025-09-02 tampere: 288 rows -> /home/maya/github/Finnish-energy-pipeline/data/staging/fmi/weather/date=2025-09-02/station=tampere/data.parquet
2025-09-02 turku: 288 rows -> /home/maya/github/Finnish-energy-pipeline/data/staging/fmi/weather/date=2025-09-02/station=turku/data.parquet
2025-09-02 vaasa: 288 rows -> /home/maya/github/Finnish-energy-pipeline/data/staging/fmi/weather/date=2025-09-02/station=vaasa/data.parquet
2025-09-03 helsinki: 288 rows -> /home/maya/github/Finnish-energy-pipeline/data/staging/fmi/weather/date=2025-09-03/station=helsinki/data.parquet
2025-09-03 oulu: 288 rows -> /home/maya/github/Finnish-energy-pipeline/data/staging/fmi/weather/date=2025-09-03/station=oulu/data.parquet
2025-09-03 rovaniemi: 288 rows -> /home/maya/github/Finnish-energy-pipeline/data/staging/fmi/weather/date=2025-09-03/station=rovaniemi/data.parquet
2025-09-03 tampere: 288 rows -> /home/maya/github/Finnish-energy-pipeline/data/staging/fmi/weather/date=2025-09-03/station=tampere/data.parquet
2025-09-03 turku: 288 rows -> /home/maya/github/Finnish-energy-pipeline/data/staging/fmi/weather/date=2025-09-03/station=turku/data.parquet
2025-09-03 vaasa: 288 rows -> /home/maya/github/Finnish-energy-pipeline/data/staging/fmi/weather/date=2025-09-03/station=vaasa/data.parquet
2025-09-04 helsinki: 288 rows -> /home/maya/github/Finnish-energy-pipeline/data/staging/fmi/weather/date=2025-09-04/station=helsinki/data.parquet
2025-09-04 oulu: 288 rows -> /home/maya/github/Finnish-energy-pipeline/data/staging/fmi/weather/date=2025-09-04/station=oulu/data.parquet
2025-09-04 rovaniemi: 288 rows -> /home/maya/github/Finnish-energy-pipeline/data/staging/fmi/weather/date=2025-09-04/station=rovaniemi/data.parquet
2025-09-04 tampere: 288 rows -> /home/maya/github/Finnish-energy-pipeline/data/staging/fmi/weather/date=2025-09-04/station=tampere/data.parquet
2025-09-04 turku: 288 rows -> /home/maya/github/Finnish-energy-pipeline/data/staging/fmi/weather/date=2025-09-04/station=turku/data.parquet
2025-09-04 vaasa: 288 rows -> /home/maya/github/Finnish-energy-pipeline/data/staging/fmi/weather/date=2025-09-04/station=vaasa/data.parquet
2025-09-05 helsinki: 288 rows -> /home/maya/github/Finnish-energy-pipeline/data/staging/fmi/weather/date=2025-09-05/station=helsinki/data.parquet
2025-09-05 oulu: 288 rows -> /home/maya/github/Finnish-energy-pipeline/data/staging/fmi/weather/date=2025-09-05/station=oulu/data.parquet
2025-09-05 rovaniemi: 288 rows -> /home/maya/github/Finnish-energy-pipeline/data/staging/fmi/weather/date=2025-09-05/station=rovaniemi/data.parquet
2025-09-05 tampere: 288 rows -> /home/maya/github/Finnish-energy-pipeline/data/staging/fmi/weather/date=2025-09-05/station=tampere/data.parquet
2025-09-05 turku: 288 rows -> /home/maya/github/Finnish-energy-pipeline/data/staging/fmi/weather/date=2025-09-05/station=turku/data.parquet
2025-09-05 vaasa: 288 rows -> /home/maya/github/Finnish-energy-pipeline/data/staging/fmi/weather/date=2025-09-05/station=vaasa/data.parquet
2025-09-06 helsinki: 288 rows -> /home/maya/github/Finnish-energy-pipeline/data/staging/fmi/weather/date=2025-09-06/station=helsinki/data.parquet
2025-09-06 oulu: 288 rows -> /home/maya/github/Finnish-energy-pipeline/data/staging/fmi/weather/date=2025-09-06/station=oulu/data.parquet
2025-09-06 rovaniemi: 288 rows -> /home/maya/github/Finnish-energy-pipeline/data/staging/fmi/weather/date=2025-09-06/station=rovaniemi/data.parquet
2025-09-06 tampere: 288 rows -> /home/maya/github/Finnish-energy-pipeline/data/staging/fmi/weather/date=2025-09-06/station=tampere/data.parquet
2025-09-06 turku: 288 rows -> /home/maya/github/Finnish-energy-pipeline/data/staging/fmi/weather/date=2025-09-06/station=turku/data.parquet
2025-09-06 vaasa: 288 rows -> /home/maya/github/Finnish-energy-pipeline/data/staging/fmi/weather/date=2025-09-06/station=vaasa/data.parquet
2025-09-07 helsinki: 288 rows -> /home/maya/github/Finnish-energy-pipeline/data/staging/fmi/weather/date=2025-09-07/station=helsinki/data.parquet
2025-09-07 oulu: 288 rows -> /home/maya/github/Finnish-energy-pipeline/data/staging/fmi/weather/date=2025-09-07/station=oulu/data.parquet
2025-09-07 rovaniemi: 288 rows -> /home/maya/github/Finnish-energy-pipeline/data/staging/fmi/weather/date=2025-09-07/station=rovaniemi/data.parquet
2025-09-07 tampere: 288 rows -> /home/maya/github/Finnish-energy-pipeline/data/staging/fmi/weather/date=2025-09-07/station=tampere/data.parquet
2025-09-07 turku: 288 rows -> /home/maya/github/Finnish-energy-pipeline/data/staging/fmi/weather/date=2025-09-07/station=turku/data.parquet
2025-09-07 vaasa: 288 rows -> /home/maya/github/Finnish-energy-pipeline/data/staging/fmi/weather/date=2025-09-07/station=vaasa/data.parquet
2025-09-08 helsinki: 288 rows -> /home/maya/github/Finnish-energy-pipeline/data/staging/fmi/weather/date=2025-09-08/station=helsinki/data.parquet
2025-09-08 oulu: 288 rows -> /home/maya/github/Finnish-energy-pipeline/data/staging/fmi/weather/date=2025-09-08/station=oulu/data.parquet
2025-09-08 rovaniemi: 288 rows -> /home/maya/github/Finnish-energy-pipeline/data/staging/fmi/weather/date=2025-09-08/station=rovaniemi/data.parquet
2025-09-08 tampere: 288 rows -> /home/maya/github/Finnish-energy-pipeline/data/staging/fmi/weather/date=2025-09-08/station=tampere/data.parquet
2025-09-08 turku: 288 rows -> /home/maya/github/Finnish-energy-pipeline/data/staging/fmi/weather/date=2025-09-08/station=turku/data.parquet
2025-09-08 vaasa: 288 rows -> /home/maya/github/Finnish-energy-pipeline/data/staging/fmi/weather/date=2025-09-08/station=vaasa/data.parquet
2025-09-09 helsinki: 288 rows -> /home/maya/github/Finnish-energy-pipeline/data/staging/fmi/weather/date=2025-09-09/station=helsinki/data.parquet
2025-09-09 oulu: 288 rows -> /home/maya/github/Finnish-energy-pipeline/data/staging/fmi/weather/date=2025-09-09/station=oulu/data.parquet
2025-09-09 rovaniemi: 288 rows -> /home/maya/github/Finnish-energy-pipeline/data/staging/fmi/weather/date=2025-09-09/station=rovaniemi/data.parquet
2025-09-09 tampere: 288 rows -> /home/maya/github/Finnish-energy-pipeline/data/staging/fmi/weather/date=2025-09-09/station=tampere/data.parquet
2025-09-09 turku: 288 rows -> /home/maya/github/Finnish-energy-pipeline/data/staging/fmi/weather/date=2025-09-09/station=turku/data.parquet
2025-09-09 vaasa: 288 rows -> /home/maya/github/Finnish-energy-pipeline/data/staging/fmi/weather/date=2025-09-09/station=vaasa/data.parquet
2025-09-10 helsinki: 288 rows -> /home/maya/github/Finnish-energy-pipeline/data/staging/fmi/weather/date=2025-09-10/station=helsinki/data.parquet
2025-09-10 oulu: 288 rows -> /home/maya/github/Finnish-energy-pipeline/data/staging/fmi/weather/date=2025-09-10/station=oulu/data.parquet
2025-09-10 rovaniemi: 288 rows -> /home/maya/github/Finnish-energy-pipeline/data/staging/fmi/weather/date=2025-09-10/station=rovaniemi/data.parquet
2025-09-10 tampere: 288 rows -> /home/maya/github/Finnish-energy-pipeline/data/staging/fmi/weather/date=2025-09-10/station=tampere/data.parquet
2025-09-10 turku: 288 rows -> /home/maya/github/Finnish-energy-pipeline/data/staging/fmi/weather/date=2025-09-10/station=turku/data.parquet
2025-09-10 vaasa: 288 rows -> /home/maya/github/Finnish-energy-pipeline/data/staging/fmi/weather/date=2025-09-10/station=vaasa/data.parquet
2025-09-11 helsinki: 288 rows -> /home/maya/github/Finnish-energy-pipeline/data/staging/fmi/weather/date=2025-09-11/station=helsinki/data.parquet
2025-09-11 oulu: 288 rows -> /home/maya/github/Finnish-energy-pipeline/data/staging/fmi/weather/date=2025-09-11/station=oulu/data.parquet
2025-09-11 rovaniemi: 288 rows -> /home/maya/github/Finnish-energy-pipeline/data/staging/fmi/weather/date=2025-09-11/station=rovaniemi/data.parquet
2025-09-11 tampere: 288 rows -> /home/maya/github/Finnish-energy-pipeline/data/staging/fmi/weather/date=2025-09-11/station=tampere/data.parquet
2025-09-11 turku: 288 rows -> /home/maya/github/Finnish-energy-pipeline/data/staging/fmi/weather/date=2025-09-11/station=turku/data.parquet
2025-09-11 vaasa: 288 rows -> /home/maya/github/Finnish-energy-pipeline/data/staging/fmi/weather/date=2025-09-11/station=vaasa/data.parquet
2025-09-12 helsinki: 288 rows -> /home/maya/github/Finnish-energy-pipeline/data/staging/fmi/weather/date=2025-09-12/station=helsinki/data.parquet
2025-09-12 oulu: 288 rows -> /home/maya/github/Finnish-energy-pipeline/data/staging/fmi/weather/date=2025-09-12/station=oulu/data.parquet
2025-09-12 rovaniemi: 288 rows -> /home/maya/github/Finnish-energy-pipeline/data/staging/fmi/weather/date=2025-09-12/station=rovaniemi/data.parquet
2025-09-12 tampere: 288 rows -> /home/maya/github/Finnish-energy-pipeline/data/staging/fmi/weather/date=2025-09-12/station=tampere/data.parquet
2025-09-12 turku: 288 rows -> /home/maya/github/Finnish-energy-pipeline/data/staging/fmi/weather/date=2025-09-12/station=turku/data.parquet
2025-09-12 vaasa: 288 rows -> /home/maya/github/Finnish-energy-pipeline/data/staging/fmi/weather/date=2025-09-12/station=vaasa/data.parquet
2025-09-13 helsinki: 288 rows -> /home/maya/github/Finnish-energy-pipeline/data/staging/fmi/weather/date=2025-09-13/station=helsinki/data.parquet
2025-09-13 oulu: 288 rows -> /home/maya/github/Finnish-energy-pipeline/data/staging/fmi/weather/date=2025-09-13/station=oulu/data.parquet
2025-09-13 rovaniemi: 288 rows -> /home/maya/github/Finnish-energy-pipeline/data/staging/fmi/weather/date=2025-09-13/station=rovaniemi/data.parquet
2025-09-13 tampere: 288 rows -> /home/maya/github/Finnish-energy-pipeline/data/staging/fmi/weather/date=2025-09-13/station=tampere/data.parquet
2025-09-13 turku: 288 rows -> /home/maya/github/Finnish-energy-pipeline/data/staging/fmi/weather/date=2025-09-13/station=turku/data.parquet
2025-09-13 vaasa: 288 rows -> /home/maya/github/Finnish-energy-pipeline/data/staging/fmi/weather/date=2025-09-13/station=vaasa/data.parquet
2025-09-14 helsinki: 288 rows -> /home/maya/github/Finnish-energy-pipeline/data/staging/fmi/weather/date=2025-09-14/station=helsinki/data.parquet
2025-09-14 oulu: 288 rows -> /home/maya/github/Finnish-energy-pipeline/data/staging/fmi/weather/date=2025-09-14/station=oulu/data.parquet
2025-09-14 rovaniemi: 288 rows -> /home/maya/github/Finnish-energy-pipeline/data/staging/fmi/weather/date=2025-09-14/station=rovaniemi/data.parquet
2025-09-14 tampere: 288 rows -> /home/maya/github/Finnish-energy-pipeline/data/staging/fmi/weather/date=2025-09-14/station=tampere/data.parquet
2025-09-14 turku: 288 rows -> /home/maya/github/Finnish-energy-pipeline/data/staging/fmi/weather/date=2025-09-14/station=turku/data.parquet
2025-09-14 vaasa: 288 rows -> /home/maya/github/Finnish-energy-pipeline/data/staging/fmi/weather/date=2025-09-14/station=vaasa/data.parquet
2025-09-15 helsinki: 288 rows -> /home/maya/github/Finnish-energy-pipeline/data/staging/fmi/weather/date=2025-09-15/station=helsinki/data.parquet
2025-09-15 oulu: 288 rows -> /home/maya/github/Finnish-energy-pipeline/data/staging/fmi/weather/date=2025-09-15/station=oulu/data.parquet
2025-09-15 rovaniemi: 288 rows -> /home/maya/github/Finnish-energy-pipeline/data/staging/fmi/weather/date=2025-09-15/station=rovaniemi/data.parquet
2025-09-15 tampere: 288 rows -> /home/maya/github/Finnish-energy-pipeline/data/staging/fmi/weather/date=2025-09-15/station=tampere/data.parquet
2025-09-15 turku: 288 rows -> /home/maya/github/Finnish-energy-pipeline/data/staging/fmi/weather/date=2025-09-15/station=turku/data.parquet
2025-09-15 vaasa: 288 rows -> /home/maya/github/Finnish-energy-pipeline/data/staging/fmi/weather/date=2025-09-15/station=vaasa/data.parquet
2025-09-16 helsinki: 288 rows -> /home/maya/github/Finnish-energy-pipeline/data/staging/fmi/weather/date=2025-09-16/station=helsinki/data.parquet
2025-09-16 oulu: 288 rows -> /home/maya/github/Finnish-energy-pipeline/data/staging/fmi/weather/date=2025-09-16/station=oulu/data.parquet
2025-09-16 rovaniemi: 288 rows -> /home/maya/github/Finnish-energy-pipeline/data/staging/fmi/weather/date=2025-09-16/station=rovaniemi/data.parquet
2025-09-16 tampere: 288 rows -> /home/maya/github/Finnish-energy-pipeline/data/staging/fmi/weather/date=2025-09-16/station=tampere/data.parquet
2025-09-16 turku: 288 rows -> /home/maya/github/Finnish-energy-pipeline/data/staging/fmi/weather/date=2025-09-16/station=turku/data.parquet
2025-09-16 vaasa: 288 rows -> /home/maya/github/Finnish-energy-pipeline/data/staging/fmi/weather/date=2025-09-16/station=vaasa/data.parquet
2025-09-17 helsinki: 288 rows -> /home/maya/github/Finnish-energy-pipeline/data/staging/fmi/weather/date=2025-09-17/station=helsinki/data.parquet
2025-09-17 oulu: 288 rows -> /home/maya/github/Finnish-energy-pipeline/data/staging/fmi/weather/date=2025-09-17/station=oulu/data.parquet
2025-09-17 rovaniemi: 288 rows -> /home/maya/github/Finnish-energy-pipeline/data/staging/fmi/weather/date=2025-09-17/station=rovaniemi/data.parquet
2025-09-17 tampere: 288 rows -> /home/maya/github/Finnish-energy-pipeline/data/staging/fmi/weather/date=2025-09-17/station=tampere/data.parquet
2025-09-17 turku: 288 rows -> /home/maya/github/Finnish-energy-pipeline/data/staging/fmi/weather/date=2025-09-17/station=turku/data.parquet
2025-09-17 vaasa: 288 rows -> /home/maya/github/Finnish-energy-pipeline/data/staging/fmi/weather/date=2025-09-17/station=vaasa/data.parquet
2025-09-18 helsinki: 288 rows -> /home/maya/github/Finnish-energy-pipeline/data/staging/fmi/weather/date=2025-09-18/station=helsinki/data.parquet
2025-09-18 oulu: 288 rows -> /home/maya/github/Finnish-energy-pipeline/data/staging/fmi/weather/date=2025-09-18/station=oulu/data.parquet
2025-09-18 rovaniemi: 288 rows -> /home/maya/github/Finnish-energy-pipeline/data/staging/fmi/weather/date=2025-09-18/station=rovaniemi/data.parquet
2025-09-18 tampere: 288 rows -> /home/maya/github/Finnish-energy-pipeline/data/staging/fmi/weather/date=2025-09-18/station=tampere/data.parquet
2025-09-18 turku: 288 rows -> /home/maya/github/Finnish-energy-pipeline/data/staging/fmi/weather/date=2025-09-18/station=turku/data.parquet
2025-09-18 vaasa: 288 rows -> /home/maya/github/Finnish-energy-pipeline/data/staging/fmi/weather/date=2025-09-18/station=vaasa/data.parquet
2025-09-19 helsinki: 288 rows -> /home/maya/github/Finnish-energy-pipeline/data/staging/fmi/weather/date=2025-09-19/station=helsinki/data.parquet
2025-09-19 oulu: 288 rows -> /home/maya/github/Finnish-energy-pipeline/data/staging/fmi/weather/date=2025-09-19/station=oulu/data.parquet
2025-09-19 rovaniemi: 288 rows -> /home/maya/github/Finnish-energy-pipeline/data/staging/fmi/weather/date=2025-09-19/station=rovaniemi/data.parquet
2025-09-19 tampere: 288 rows -> /home/maya/github/Finnish-energy-pipeline/data/staging/fmi/weather/date=2025-09-19/station=tampere/data.parquet
2025-09-19 turku: 288 rows -> /home/maya/github/Finnish-energy-pipeline/data/staging/fmi/weather/date=2025-09-19/station=turku/data.parquet
2025-09-19 vaasa: 288 rows -> /home/maya/github/Finnish-energy-pipeline/data/staging/fmi/weather/date=2025-09-19/station=vaasa/data.parquet
2025-09-20 helsinki: 288 rows -> /home/maya/github/Finnish-energy-pipeline/data/staging/fmi/weather/date=2025-09-20/station=helsinki/data.parquet
2025-09-20 oulu: 288 rows -> /home/maya/github/Finnish-energy-pipeline/data/staging/fmi/weather/date=2025-09-20/station=oulu/data.parquet
2025-09-20 rovaniemi: 288 rows -> /home/maya/github/Finnish-energy-pipeline/data/staging/fmi/weather/date=2025-09-20/station=rovaniemi/data.parquet
2025-09-20 tampere: 288 rows -> /home/maya/github/Finnish-energy-pipeline/data/staging/fmi/weather/date=2025-09-20/station=tampere/data.parquet
2025-09-20 turku: 288 rows -> /home/maya/github/Finnish-energy-pipeline/data/staging/fmi/weather/date=2025-09-20/station=turku/data.parquet
2025-09-20 vaasa: 288 rows -> /home/maya/github/Finnish-energy-pipeline/data/staging/fmi/weather/date=2025-09-20/station=vaasa/data.parquet
2025-09-21 helsinki: 288 rows -> /home/maya/github/Finnish-energy-pipeline/data/staging/fmi/weather/date=2025-09-21/station=helsinki/data.parquet
2025-09-21 oulu: 288 rows -> /home/maya/github/Finnish-energy-pipeline/data/staging/fmi/weather/date=2025-09-21/station=oulu/data.parquet
2025-09-21 rovaniemi: 288 rows -> /home/maya/github/Finnish-energy-pipeline/data/staging/fmi/weather/date=2025-09-21/station=rovaniemi/data.parquet
2025-09-21 tampere: 288 rows -> /home/maya/github/Finnish-energy-pipeline/data/staging/fmi/weather/date=2025-09-21/station=tampere/data.parquet
2025-09-21 turku: 288 rows -> /home/maya/github/Finnish-energy-pipeline/data/staging/fmi/weather/date=2025-09-21/station=turku/data.parquet
2025-09-21 vaasa: 288 rows -> /home/maya/github/Finnish-energy-pipeline/data/staging/fmi/weather/date=2025-09-21/station=vaasa/data.parquet
2025-09-22 helsinki: 288 rows -> /home/maya/github/Finnish-energy-pipeline/data/staging/fmi/weather/date=2025-09-22/station=helsinki/data.parquet
2025-09-22 oulu: 288 rows -> /home/maya/github/Finnish-energy-pipeline/data/staging/fmi/weather/date=2025-09-22/station=oulu/data.parquet
2025-09-22 rovaniemi: 288 rows -> /home/maya/github/Finnish-energy-pipeline/data/staging/fmi/weather/date=2025-09-22/station=rovaniemi/data.parquet
2025-09-22 tampere: 288 rows -> /home/maya/github/Finnish-energy-pipeline/data/staging/fmi/weather/date=2025-09-22/station=tampere/data.parquet
2025-09-22 turku: 288 rows -> /home/maya/github/Finnish-energy-pipeline/data/staging/fmi/weather/date=2025-09-22/station=turku/data.parquet
2025-09-22 vaasa: 288 rows -> /home/maya/github/Finnish-energy-pipeline/data/staging/fmi/weather/date=2025-09-22/station=vaasa/data.parquet
2025-09-23 helsinki: 288 rows -> /home/maya/github/Finnish-energy-pipeline/data/staging/fmi/weather/date=2025-09-23/station=helsinki/data.parquet
2025-09-23 oulu: 288 rows -> /home/maya/github/Finnish-energy-pipeline/data/staging/fmi/weather/date=2025-09-23/station=oulu/data.parquet
2025-09-23 rovaniemi: 288 rows -> /home/maya/github/Finnish-energy-pipeline/data/staging/fmi/weather/date=2025-09-23/station=rovaniemi/data.parquet
2025-09-23 tampere: 288 rows -> /home/maya/github/Finnish-energy-pipeline/data/staging/fmi/weather/date=2025-09-23/station=tampere/data.parquet
2025-09-23 turku: 288 rows -> /home/maya/github/Finnish-energy-pipeline/data/staging/fmi/weather/date=2025-09-23/station=turku/data.parquet
2025-09-23 vaasa: 288 rows -> /home/maya/github/Finnish-energy-pipeline/data/staging/fmi/weather/date=2025-09-23/station=vaasa/data.parquet
2025-09-24 helsinki: 288 rows -> /home/maya/github/Finnish-energy-pipeline/data/staging/fmi/weather/date=2025-09-24/station=helsinki/data.parquet
2025-09-24 oulu: 288 rows -> /home/maya/github/Finnish-energy-pipeline/data/staging/fmi/weather/date=2025-09-24/station=oulu/data.parquet
2025-09-24 rovaniemi: 288 rows -> /home/maya/github/Finnish-energy-pipeline/data/staging/fmi/weather/date=2025-09-24/station=rovaniemi/data.parquet
2025-09-24 tampere: 288 rows -> /home/maya/github/Finnish-energy-pipeline/data/staging/fmi/weather/date=2025-09-24/station=tampere/data.parquet
2025-09-24 turku: 288 rows -> /home/maya/github/Finnish-energy-pipeline/data/staging/fmi/weather/date=2025-09-24/station=turku/data.parquet
2025-09-24 vaasa: 288 rows -> /home/maya/github/Finnish-energy-pipeline/data/staging/fmi/weather/date=2025-09-24/station=vaasa/data.parquet
2025-09-25 helsinki: 288 rows -> /home/maya/github/Finnish-energy-pipeline/data/staging/fmi/weather/date=2025-09-25/station=helsinki/data.parquet
2025-09-25 oulu: 288 rows -> /home/maya/github/Finnish-energy-pipeline/data/staging/fmi/weather/date=2025-09-25/station=oulu/data.parquet
2025-09-25 rovaniemi: 288 rows -> /home/maya/github/Finnish-energy-pipeline/data/staging/fmi/weather/date=2025-09-25/station=rovaniemi/data.parquet
2025-09-25 tampere: 288 rows -> /home/maya/github/Finnish-energy-pipeline/data/staging/fmi/weather/date=2025-09-25/station=tampere/data.parquet
2025-09-25 turku: 288 rows -> /home/maya/github/Finnish-energy-pipeline/data/staging/fmi/weather/date=2025-09-25/station=turku/data.parquet
2025-09-25 vaasa: 288 rows -> /home/maya/github/Finnish-energy-pipeline/data/staging/fmi/weather/date=2025-09-25/station=vaasa/data.parquet
2025-09-26 helsinki: 288 rows -> /home/maya/github/Finnish-energy-pipeline/data/staging/fmi/weather/date=2025-09-26/station=helsinki/data.parquet
2025-09-26 oulu: 288 rows -> /home/maya/github/Finnish-energy-pipeline/data/staging/fmi/weather/date=2025-09-26/station=oulu/data.parquet
2025-09-26 rovaniemi: 288 rows -> /home/maya/github/Finnish-energy-pipeline/data/staging/fmi/weather/date=2025-09-26/station=rovaniemi/data.parquet
2025-09-26 tampere: 288 rows -> /home/maya/github/Finnish-energy-pipeline/data/staging/fmi/weather/date=2025-09-26/station=tampere/data.parquet
2025-09-26 turku: 288 rows -> /home/maya/github/Finnish-energy-pipeline/data/staging/fmi/weather/date=2025-09-26/station=turku/data.parquet
2025-09-26 vaasa: 288 rows -> /home/maya/github/Finnish-energy-pipeline/data/staging/fmi/weather/date=2025-09-26/station=vaasa/data.parquet
2025-09-27 helsinki: 288 rows -> /home/maya/github/Finnish-energy-pipeline/data/staging/fmi/weather/date=2025-09-27/station=helsinki/data.parquet
2025-09-27 oulu: 288 rows -> /home/maya/github/Finnish-energy-pipeline/data/staging/fmi/weather/date=2025-09-27/station=oulu/data.parquet
2025-09-27 rovaniemi: 288 rows -> /home/maya/github/Finnish-energy-pipeline/data/staging/fmi/weather/date=2025-09-27/station=rovaniemi/data.parquet
2025-09-27 tampere: 288 rows -> /home/maya/github/Finnish-energy-pipeline/data/staging/fmi/weather/date=2025-09-27/station=tampere/data.parquet
2025-09-27 turku: 288 rows -> /home/maya/github/Finnish-energy-pipeline/data/staging/fmi/weather/date=2025-09-27/station=turku/data.parquet
2025-09-27 vaasa: 288 rows -> /home/maya/github/Finnish-energy-pipeline/data/staging/fmi/weather/date=2025-09-27/station=vaasa/data.parquet
2025-09-28 helsinki: 288 rows -> /home/maya/github/Finnish-energy-pipeline/data/staging/fmi/weather/date=2025-09-28/station=helsinki/data.parquet
2025-09-28 oulu: 288 rows -> /home/maya/github/Finnish-energy-pipeline/data/staging/fmi/weather/date=2025-09-28/station=oulu/data.parquet
2025-09-28 rovaniemi: 288 rows -> /home/maya/github/Finnish-energy-pipeline/data/staging/fmi/weather/date=2025-09-28/station=rovaniemi/data.parquet
2025-09-28 tampere: 288 rows -> /home/maya/github/Finnish-energy-pipeline/data/staging/fmi/weather/date=2025-09-28/station=tampere/data.parquet
2025-09-28 turku: 288 rows -> /home/maya/github/Finnish-energy-pipeline/data/staging/fmi/weather/date=2025-09-28/station=turku/data.parquet
2025-09-28 vaasa: 288 rows -> /home/maya/github/Finnish-energy-pipeline/data/staging/fmi/weather/date=2025-09-28/station=vaasa/data.parquet
2025-09-29 helsinki: 288 rows -> /home/maya/github/Finnish-energy-pipeline/data/staging/fmi/weather/date=2025-09-29/station=helsinki/data.parquet
2025-09-29 oulu: 288 rows -> /home/maya/github/Finnish-energy-pipeline/data/staging/fmi/weather/date=2025-09-29/station=oulu/data.parquet
2025-09-29 rovaniemi: 288 rows -> /home/maya/github/Finnish-energy-pipeline/data/staging/fmi/weather/date=2025-09-29/station=rovaniemi/data.parquet
2025-09-29 tampere: 288 rows -> /home/maya/github/Finnish-energy-pipeline/data/staging/fmi/weather/date=2025-09-29/station=tampere/data.parquet
2025-09-29 turku: 288 rows -> /home/maya/github/Finnish-energy-pipeline/data/staging/fmi/weather/date=2025-09-29/station=turku/data.parquet
2025-09-29 vaasa: 288 rows -> /home/maya/github/Finnish-energy-pipeline/data/staging/fmi/weather/date=2025-09-29/station=vaasa/data.parquet
2025-09-30 helsinki: 288 rows -> /home/maya/github/Finnish-energy-pipeline/data/staging/fmi/weather/date=2025-09-30/station=helsinki/data.parquet
2025-09-30 oulu: 288 rows -> /home/maya/github/Finnish-energy-pipeline/data/staging/fmi/weather/date=2025-09-30/station=oulu/data.parquet
2025-09-30 rovaniemi: 288 rows -> /home/maya/github/Finnish-energy-pipeline/data/staging/fmi/weather/date=2025-09-30/station=rovaniemi/data.parquet
2025-09-30 tampere: 288 rows -> /home/maya/github/Finnish-energy-pipeline/data/staging/fmi/weather/date=2025-09-30/station=tampere/data.parquet
2025-09-30 turku: 288 rows -> /home/maya/github/Finnish-energy-pipeline/data/staging/fmi/weather/date=2025-09-30/station=turku/data.parquet
2025-09-30 vaasa: 288 rows -> /home/maya/github/Finnish-energy-pipeline/data/staging/fmi/weather/date=2025-09-30/station=vaasa/data.parquet
2025-10-01 helsinki: 288 rows -> /home/maya/github/Finnish-energy-pipeline/data/staging/fmi/weather/date=2025-10-01/station=helsinki/data.parquet
2025-10-01 oulu: 288 rows -> /home/maya/github/Finnish-energy-pipeline/data/staging/fmi/weather/date=2025-10-01/station=oulu/data.parquet
2025-10-01 rovaniemi: 288 rows -> /home/maya/github/Finnish-energy-pipeline/data/staging/fmi/weather/date=2025-10-01/station=rovaniemi/data.parquet
2025-10-01 tampere: 288 rows -> /home/maya/github/Finnish-energy-pipeline/data/staging/fmi/weather/date=2025-10-01/station=tampere/data.parquet
2025-10-01 turku: 288 rows -> /home/maya/github/Finnish-energy-pipeline/data/staging/fmi/weather/date=2025-10-01/station=turku/data.parquet
2025-10-01 vaasa: 288 rows -> /home/maya/github/Finnish-energy-pipeline/data/staging/fmi/weather/date=2025-10-01/station=vaasa/data.parquet
2025-10-02 helsinki: 288 rows -> /home/maya/github/Finnish-energy-pipeline/data/staging/fmi/weather/date=2025-10-02/station=helsinki/data.parquet
2025-10-02 oulu: 288 rows -> /home/maya/github/Finnish-energy-pipeline/data/staging/fmi/weather/date=2025-10-02/station=oulu/data.parquet
2025-10-02 rovaniemi: 288 rows -> /home/maya/github/Finnish-energy-pipeline/data/staging/fmi/weather/date=2025-10-02/station=rovaniemi/data.parquet
2025-10-02 tampere: 288 rows -> /home/maya/github/Finnish-energy-pipeline/data/staging/fmi/weather/date=2025-10-02/station=tampere/data.parquet
2025-10-02 turku: 288 rows -> /home/maya/github/Finnish-energy-pipeline/data/staging/fmi/weather/date=2025-10-02/station=turku/data.parquet
2025-10-02 vaasa: 288 rows -> /home/maya/github/Finnish-energy-pipeline/data/staging/fmi/weather/date=2025-10-02/station=vaasa/data.parquet
2025-10-03 helsinki: 288 rows -> /home/maya/github/Finnish-energy-pipeline/data/staging/fmi/weather/date=2025-10-03/station=helsinki/data.parquet
2025-10-03 oulu: 288 rows -> /home/maya/github/Finnish-energy-pipeline/data/staging/fmi/weather/date=2025-10-03/station=oulu/data.parquet
2025-10-03 rovaniemi: 288 rows -> /home/maya/github/Finnish-energy-pipeline/data/staging/fmi/weather/date=2025-10-03/station=rovaniemi/data.parquet
2025-10-03 tampere: 288 rows -> /home/maya/github/Finnish-energy-pipeline/data/staging/fmi/weather/date=2025-10-03/station=tampere/data.parquet
2025-10-03 turku: 288 rows -> /home/maya/github/Finnish-energy-pipeline/data/staging/fmi/weather/date=2025-10-03/station=turku/data.parquet
2025-10-03 vaasa: 288 rows -> /home/maya/github/Finnish-energy-pipeline/data/staging/fmi/weather/date=2025-10-03/station=vaasa/data.parquet
2025-10-04 helsinki: 288 rows -> /home/maya/github/Finnish-energy-pipeline/data/staging/fmi/weather/date=2025-10-04/station=helsinki/data.parquet
2025-10-04 oulu: 288 rows -> /home/maya/github/Finnish-energy-pipeline/data/staging/fmi/weather/date=2025-10-04/station=oulu/data.parquet
2025-10-04 rovaniemi: 288 rows -> /home/maya/github/Finnish-energy-pipeline/data/staging/fmi/weather/date=2025-10-04/station=rovaniemi/data.parquet
2025-10-04 tampere: 288 rows -> /home/maya/github/Finnish-energy-pipeline/data/staging/fmi/weather/date=2025-10-04/station=tampere/data.parquet
2025-10-04 turku: 288 rows -> /home/maya/github/Finnish-energy-pipeline/data/staging/fmi/weather/date=2025-10-04/station=turku/data.parquet
2025-10-04 vaasa: 288 rows -> /home/maya/github/Finnish-energy-pipeline/data/staging/fmi/weather/date=2025-10-04/station=vaasa/data.parquet
2025-10-05 helsinki: 288 rows -> /home/maya/github/Finnish-energy-pipeline/data/staging/fmi/weather/date=2025-10-05/station=helsinki/data.parquet
2025-10-05 oulu: 288 rows -> /home/maya/github/Finnish-energy-pipeline/data/staging/fmi/weather/date=2025-10-05/station=oulu/data.parquet
2025-10-05 rovaniemi: 288 rows -> /home/maya/github/Finnish-energy-pipeline/data/staging/fmi/weather/date=2025-10-05/station=rovaniemi/data.parquet
2025-10-05 tampere: 288 rows -> /home/maya/github/Finnish-energy-pipeline/data/staging/fmi/weather/date=2025-10-05/station=tampere/data.parquet
2025-10-05 turku: 288 rows -> /home/maya/github/Finnish-energy-pipeline/data/staging/fmi/weather/date=2025-10-05/station=turku/data.parquet
2025-10-05 vaasa: 288 rows -> /home/maya/github/Finnish-energy-pipeline/data/staging/fmi/weather/date=2025-10-05/station=vaasa/data.parquet
2025-10-06 helsinki: 288 rows -> /home/maya/github/Finnish-energy-pipeline/data/staging/fmi/weather/date=2025-10-06/station=helsinki/data.parquet
2025-10-06 oulu: 288 rows -> /home/maya/github/Finnish-energy-pipeline/data/staging/fmi/weather/date=2025-10-06/station=oulu/data.parquet
2025-10-06 rovaniemi: 288 rows -> /home/maya/github/Finnish-energy-pipeline/data/staging/fmi/weather/date=2025-10-06/station=rovaniemi/data.parquet
2025-10-06 tampere: 288 rows -> /home/maya/github/Finnish-energy-pipeline/data/staging/fmi/weather/date=2025-10-06/station=tampere/data.parquet
2025-10-06 turku: 288 rows -> /home/maya/github/Finnish-energy-pipeline/data/staging/fmi/weather/date=2025-10-06/station=turku/data.parquet
2025-10-06 vaasa: 288 rows -> /home/maya/github/Finnish-energy-pipeline/data/staging/fmi/weather/date=2025-10-06/station=vaasa/data.parquet
2025-10-07 helsinki: 288 rows -> /home/maya/github/Finnish-energy-pipeline/data/staging/fmi/weather/date=2025-10-07/station=helsinki/data.parquet
2025-10-07 oulu: 288 rows -> /home/maya/github/Finnish-energy-pipeline/data/staging/fmi/weather/date=2025-10-07/station=oulu/data.parquet
2025-10-07 rovaniemi: 288 rows -> /home/maya/github/Finnish-energy-pipeline/data/staging/fmi/weather/date=2025-10-07/station=rovaniemi/data.parquet
2025-10-07 tampere: 288 rows -> /home/maya/github/Finnish-energy-pipeline/data/staging/fmi/weather/date=2025-10-07/station=tampere/data.parquet
2025-10-07 turku: 288 rows -> /home/maya/github/Finnish-energy-pipeline/data/staging/fmi/weather/date=2025-10-07/station=turku/data.parquet
2025-10-07 vaasa: 288 rows -> /home/maya/github/Finnish-energy-pipeline/data/staging/fmi/weather/date=2025-10-07/station=vaasa/data.parquet
2025-10-08 helsinki: 288 rows -> /home/maya/github/Finnish-energy-pipeline/data/staging/fmi/weather/date=2025-10-08/station=helsinki/data.parquet
2025-10-08 oulu: 288 rows -> /home/maya/github/Finnish-energy-pipeline/data/staging/fmi/weather/date=2025-10-08/station=oulu/data.parquet
2025-10-08 rovaniemi: 288 rows -> /home/maya/github/Finnish-energy-pipeline/data/staging/fmi/weather/date=2025-10-08/station=rovaniemi/data.parquet
2025-10-08 tampere: 288 rows -> /home/maya/github/Finnish-energy-pipeline/data/staging/fmi/weather/date=2025-10-08/station=tampere/data.parquet
2025-10-08 turku: 288 rows -> /home/maya/github/Finnish-energy-pipeline/data/staging/fmi/weather/date=2025-10-08/station=turku/data.parquet
2025-10-08 vaasa: 288 rows -> /home/maya/github/Finnish-energy-pipeline/data/staging/fmi/weather/date=2025-10-08/station=vaasa/data.parquet
2025-10-09 helsinki: 288 rows -> /home/maya/github/Finnish-energy-pipeline/data/staging/fmi/weather/date=2025-10-09/station=helsinki/data.parquet
2025-10-09 oulu: 288 rows -> /home/maya/github/Finnish-energy-pipeline/data/staging/fmi/weather/date=2025-10-09/station=oulu/data.parquet
2025-10-09 rovaniemi: 288 rows -> /home/maya/github/Finnish-energy-pipeline/data/staging/fmi/weather/date=2025-10-09/station=rovaniemi/data.parquet
2025-10-09 tampere: 288 rows -> /home/maya/github/Finnish-energy-pipeline/data/staging/fmi/weather/date=2025-10-09/station=tampere/data.parquet
2025-10-09 turku: 288 rows -> /home/maya/github/Finnish-energy-pipeline/data/staging/fmi/weather/date=2025-10-09/station=turku/data.parquet
2025-10-09 vaasa: 288 rows -> /home/maya/github/Finnish-energy-pipeline/data/staging/fmi/weather/date=2025-10-09/station=vaasa/data.parquet
2025-10-10 helsinki: 288 rows -> /home/maya/github/Finnish-energy-pipeline/data/staging/fmi/weather/date=2025-10-10/station=helsinki/data.parquet
2025-10-10 oulu: 288 rows -> /home/maya/github/Finnish-energy-pipeline/data/staging/fmi/weather/date=2025-10-10/station=oulu/data.parquet
2025-10-10 rovaniemi: 288 rows -> /home/maya/github/Finnish-energy-pipeline/data/staging/fmi/weather/date=2025-10-10/station=rovaniemi/data.parquet
2025-10-10 tampere: 288 rows -> /home/maya/github/Finnish-energy-pipeline/data/staging/fmi/weather/date=2025-10-10/station=tampere/data.parquet
2025-10-10 turku: 288 rows -> /home/maya/github/Finnish-energy-pipeline/data/staging/fmi/weather/date=2025-10-10/station=turku/data.parquet
2025-10-10 vaasa: 288 rows -> /home/maya/github/Finnish-energy-pipeline/data/staging/fmi/weather/date=2025-10-10/station=vaasa/data.parquet
2025-10-11 helsinki: 288 rows -> /home/maya/github/Finnish-energy-pipeline/data/staging/fmi/weather/date=2025-10-11/station=helsinki/data.parquet
2025-10-11 oulu: 288 rows -> /home/maya/github/Finnish-energy-pipeline/data/staging/fmi/weather/date=2025-10-11/station=oulu/data.parquet
2025-10-11 rovaniemi: 288 rows -> /home/maya/github/Finnish-energy-pipeline/data/staging/fmi/weather/date=2025-10-11/station=rovaniemi/data.parquet
2025-10-11 tampere: 288 rows -> /home/maya/github/Finnish-energy-pipeline/data/staging/fmi/weather/date=2025-10-11/station=tampere/data.parquet
2025-10-11 turku: 288 rows -> /home/maya/github/Finnish-energy-pipeline/data/staging/fmi/weather/date=2025-10-11/station=turku/data.parquet
2025-10-11 vaasa: 288 rows -> /home/maya/github/Finnish-energy-pipeline/data/staging/fmi/weather/date=2025-10-11/station=vaasa/data.parquet
2025-10-12 helsinki: 288 rows -> /home/maya/github/Finnish-energy-pipeline/data/staging/fmi/weather/date=2025-10-12/station=helsinki/data.parquet
2025-10-12 oulu: 288 rows -> /home/maya/github/Finnish-energy-pipeline/data/staging/fmi/weather/date=2025-10-12/station=oulu/data.parquet
2025-10-12 rovaniemi: 288 rows -> /home/maya/github/Finnish-energy-pipeline/data/staging/fmi/weather/date=2025-10-12/station=rovaniemi/data.parquet
2025-10-12 tampere: 288 rows -> /home/maya/github/Finnish-energy-pipeline/data/staging/fmi/weather/date=2025-10-12/station=tampere/data.parquet
2025-10-12 turku: 288 rows -> /home/maya/github/Finnish-energy-pipeline/data/staging/fmi/weather/date=2025-10-12/station=turku/data.parquet
2025-10-12 vaasa: 288 rows -> /home/maya/github/Finnish-energy-pipeline/data/staging/fmi/weather/date=2025-10-12/station=vaasa/data.parquet
2025-10-13 helsinki: 288 rows -> /home/maya/github/Finnish-energy-pipeline/data/staging/fmi/weather/date=2025-10-13/station=helsinki/data.parquet
2025-10-13 oulu: 288 rows -> /home/maya/github/Finnish-energy-pipeline/data/staging/fmi/weather/date=2025-10-13/station=oulu/data.parquet
2025-10-13 rovaniemi: 288 rows -> /home/maya/github/Finnish-energy-pipeline/data/staging/fmi/weather/date=2025-10-13/station=rovaniemi/data.parquet
2025-10-13 tampere: 288 rows -> /home/maya/github/Finnish-energy-pipeline/data/staging/fmi/weather/date=2025-10-13/station=tampere/data.parquet
2025-10-13 turku: 288 rows -> /home/maya/github/Finnish-energy-pipeline/data/staging/fmi/weather/date=2025-10-13/station=turku/data.parquet
2025-10-13 vaasa: 288 rows -> /home/maya/github/Finnish-energy-pipeline/data/staging/fmi/weather/date=2025-10-13/station=vaasa/data.parquet
2025-10-14 helsinki: 288 rows -> /home/maya/github/Finnish-energy-pipeline/data/staging/fmi/weather/date=2025-10-14/station=helsinki/data.parquet
2025-10-14 oulu: 288 rows -> /home/maya/github/Finnish-energy-pipeline/data/staging/fmi/weather/date=2025-10-14/station=oulu/data.parquet
2025-10-14 rovaniemi: 288 rows -> /home/maya/github/Finnish-energy-pipeline/data/staging/fmi/weather/date=2025-10-14/station=rovaniemi/data.parquet
2025-10-14 tampere: 288 rows -> /home/maya/github/Finnish-energy-pipeline/data/staging/fmi/weather/date=2025-10-14/station=tampere/data.parquet
2025-10-14 turku: 288 rows -> /home/maya/github/Finnish-energy-pipeline/data/staging/fmi/weather/date=2025-10-14/station=turku/data.parquet
2025-10-14 vaasa: 288 rows -> /home/maya/github/Finnish-energy-pipeline/data/staging/fmi/weather/date=2025-10-14/station=vaasa/data.parquet
2025-10-15 helsinki: 288 rows -> /home/maya/github/Finnish-energy-pipeline/data/staging/fmi/weather/date=2025-10-15/station=helsinki/data.parquet
2025-10-15 oulu: 288 rows -> /home/maya/github/Finnish-energy-pipeline/data/staging/fmi/weather/date=2025-10-15/station=oulu/data.parquet
2025-10-15 rovaniemi: 288 rows -> /home/maya/github/Finnish-energy-pipeline/data/staging/fmi/weather/date=2025-10-15/station=rovaniemi/data.parquet
2025-10-15 tampere: 288 rows -> /home/maya/github/Finnish-energy-pipeline/data/staging/fmi/weather/date=2025-10-15/station=tampere/data.parquet
2025-10-15 turku: 288 rows -> /home/maya/github/Finnish-energy-pipeline/data/staging/fmi/weather/date=2025-10-15/station=turku/data.parquet
2025-10-15 vaasa: 288 rows -> /home/maya/github/Finnish-energy-pipeline/data/staging/fmi/weather/date=2025-10-15/station=vaasa/data.parquet
2025-10-16 helsinki: 288 rows -> /home/maya/github/Finnish-energy-pipeline/data/staging/fmi/weather/date=2025-10-16/station=helsinki/data.parquet
2025-10-16 oulu: 288 rows -> /home/maya/github/Finnish-energy-pipeline/data/staging/fmi/weather/date=2025-10-16/station=oulu/data.parquet
2025-10-16 rovaniemi: 288 rows -> /home/maya/github/Finnish-energy-pipeline/data/staging/fmi/weather/date=2025-10-16/station=rovaniemi/data.parquet
2025-10-16 tampere: 288 rows -> /home/maya/github/Finnish-energy-pipeline/data/staging/fmi/weather/date=2025-10-16/station=tampere/data.parquet
2025-10-16 turku: 288 rows -> /home/maya/github/Finnish-energy-pipeline/data/staging/fmi/weather/date=2025-10-16/station=turku/data.parquet
2025-10-16 vaasa: 288 rows -> /home/maya/github/Finnish-energy-pipeline/data/staging/fmi/weather/date=2025-10-16/station=vaasa/data.parquet
2025-10-17 helsinki: 288 rows -> /home/maya/github/Finnish-energy-pipeline/data/staging/fmi/weather/date=2025-10-17/station=helsinki/data.parquet
2025-10-17 oulu: 288 rows -> /home/maya/github/Finnish-energy-pipeline/data/staging/fmi/weather/date=2025-10-17/station=oulu/data.parquet
2025-10-17 rovaniemi: 288 rows -> /home/maya/github/Finnish-energy-pipeline/data/staging/fmi/weather/date=2025-10-17/station=rovaniemi/data.parquet
2025-10-17 tampere: 288 rows -> /home/maya/github/Finnish-energy-pipeline/data/staging/fmi/weather/date=2025-10-17/station=tampere/data.parquet
2025-10-17 turku: 288 rows -> /home/maya/github/Finnish-energy-pipeline/data/staging/fmi/weather/date=2025-10-17/station=turku/data.parquet
2025-10-17 vaasa: 288 rows -> /home/maya/github/Finnish-energy-pipeline/data/staging/fmi/weather/date=2025-10-17/station=vaasa/data.parquet
2025-10-18 helsinki: 288 rows -> /home/maya/github/Finnish-energy-pipeline/data/staging/fmi/weather/date=2025-10-18/station=helsinki/data.parquet
2025-10-18 oulu: 288 rows -> /home/maya/github/Finnish-energy-pipeline/data/staging/fmi/weather/date=2025-10-18/station=oulu/data.parquet
2025-10-18 rovaniemi: 288 rows -> /home/maya/github/Finnish-energy-pipeline/data/staging/fmi/weather/date=2025-10-18/station=rovaniemi/data.parquet
2025-10-18 tampere: 288 rows -> /home/maya/github/Finnish-energy-pipeline/data/staging/fmi/weather/date=2025-10-18/station=tampere/data.parquet
2025-10-18 turku: 288 rows -> /home/maya/github/Finnish-energy-pipeline/data/staging/fmi/weather/date=2025-10-18/station=turku/data.parquet
2025-10-18 vaasa: 288 rows -> /home/maya/github/Finnish-energy-pipeline/data/staging/fmi/weather/date=2025-10-18/station=vaasa/data.parquet
2025-10-19 helsinki: 288 rows -> /home/maya/github/Finnish-energy-pipeline/data/staging/fmi/weather/date=2025-10-19/station=helsinki/data.parquet
2025-10-19 oulu: 288 rows -> /home/maya/github/Finnish-energy-pipeline/data/staging/fmi/weather/date=2025-10-19/station=oulu/data.parquet
2025-10-19 rovaniemi: 288 rows -> /home/maya/github/Finnish-energy-pipeline/data/staging/fmi/weather/date=2025-10-19/station=rovaniemi/data.parquet
2025-10-19 tampere: 288 rows -> /home/maya/github/Finnish-energy-pipeline/data/staging/fmi/weather/date=2025-10-19/station=tampere/data.parquet
2025-10-19 turku: 288 rows -> /home/maya/github/Finnish-energy-pipeline/data/staging/fmi/weather/date=2025-10-19/station=turku/data.parquet
2025-10-19 vaasa: 288 rows -> /home/maya/github/Finnish-energy-pipeline/data/staging/fmi/weather/date=2025-10-19/station=vaasa/data.parquet
2025-10-20 helsinki: 288 rows -> /home/maya/github/Finnish-energy-pipeline/data/staging/fmi/weather/date=2025-10-20/station=helsinki/data.parquet
2025-10-20 oulu: 288 rows -> /home/maya/github/Finnish-energy-pipeline/data/staging/fmi/weather/date=2025-10-20/station=oulu/data.parquet
2025-10-20 rovaniemi: 288 rows -> /home/maya/github/Finnish-energy-pipeline/data/staging/fmi/weather/date=2025-10-20/station=rovaniemi/data.parquet
2025-10-20 tampere: 288 rows -> /home/maya/github/Finnish-energy-pipeline/data/staging/fmi/weather/date=2025-10-20/station=tampere/data.parquet
2025-10-20 turku: 288 rows -> /home/maya/github/Finnish-energy-pipeline/data/staging/fmi/weather/date=2025-10-20/station=turku/data.parquet
2025-10-20 vaasa: 288 rows -> /home/maya/github/Finnish-energy-pipeline/data/staging/fmi/weather/date=2025-10-20/station=vaasa/data.parquet
2025-10-21 helsinki: 288 rows -> /home/maya/github/Finnish-energy-pipeline/data/staging/fmi/weather/date=2025-10-21/station=helsinki/data.parquet
2025-10-21 oulu: 288 rows -> /home/maya/github/Finnish-energy-pipeline/data/staging/fmi/weather/date=2025-10-21/station=oulu/data.parquet
2025-10-21 rovaniemi: 288 rows -> /home/maya/github/Finnish-energy-pipeline/data/staging/fmi/weather/date=2025-10-21/station=rovaniemi/data.parquet
2025-10-21 tampere: 288 rows -> /home/maya/github/Finnish-energy-pipeline/data/staging/fmi/weather/date=2025-10-21/station=tampere/data.parquet
2025-10-21 turku: 288 rows -> /home/maya/github/Finnish-energy-pipeline/data/staging/fmi/weather/date=2025-10-21/station=turku/data.parquet
2025-10-21 vaasa: 288 rows -> /home/maya/github/Finnish-energy-pipeline/data/staging/fmi/weather/date=2025-10-21/station=vaasa/data.parquet
2025-10-22 helsinki: 288 rows -> /home/maya/github/Finnish-energy-pipeline/data/staging/fmi/weather/date=2025-10-22/station=helsinki/data.parquet
2025-10-22 oulu: 288 rows -> /home/maya/github/Finnish-energy-pipeline/data/staging/fmi/weather/date=2025-10-22/station=oulu/data.parquet
2025-10-22 rovaniemi: 288 rows -> /home/maya/github/Finnish-energy-pipeline/data/staging/fmi/weather/date=2025-10-22/station=rovaniemi/data.parquet
2025-10-22 tampere: 288 rows -> /home/maya/github/Finnish-energy-pipeline/data/staging/fmi/weather/date=2025-10-22/station=tampere/data.parquet
2025-10-22 turku: 288 rows -> /home/maya/github/Finnish-energy-pipeline/data/staging/fmi/weather/date=2025-10-22/station=turku/data.parquet
2025-10-22 vaasa: 288 rows -> /home/maya/github/Finnish-energy-pipeline/data/staging/fmi/weather/date=2025-10-22/station=vaasa/data.parquet
2025-10-23 helsinki: 288 rows -> /home/maya/github/Finnish-energy-pipeline/data/staging/fmi/weather/date=2025-10-23/station=helsinki/data.parquet
2025-10-23 oulu: 288 rows -> /home/maya/github/Finnish-energy-pipeline/data/staging/fmi/weather/date=2025-10-23/station=oulu/data.parquet
2025-10-23 rovaniemi: 288 rows -> /home/maya/github/Finnish-energy-pipeline/data/staging/fmi/weather/date=2025-10-23/station=rovaniemi/data.parquet
2025-10-23 tampere: 288 rows -> /home/maya/github/Finnish-energy-pipeline/data/staging/fmi/weather/date=2025-10-23/station=tampere/data.parquet
2025-10-23 turku: 288 rows -> /home/maya/github/Finnish-energy-pipeline/data/staging/fmi/weather/date=2025-10-23/station=turku/data.parquet
2025-10-23 vaasa: 288 rows -> /home/maya/github/Finnish-energy-pipeline/data/staging/fmi/weather/date=2025-10-23/station=vaasa/data.parquet
2025-10-24 helsinki: 288 rows -> /home/maya/github/Finnish-energy-pipeline/data/staging/fmi/weather/date=2025-10-24/station=helsinki/data.parquet
2025-10-24 oulu: 288 rows -> /home/maya/github/Finnish-energy-pipeline/data/staging/fmi/weather/date=2025-10-24/station=oulu/data.parquet
2025-10-24 rovaniemi: 288 rows -> /home/maya/github/Finnish-energy-pipeline/data/staging/fmi/weather/date=2025-10-24/station=rovaniemi/data.parquet
2025-10-24 tampere: 288 rows -> /home/maya/github/Finnish-energy-pipeline/data/staging/fmi/weather/date=2025-10-24/station=tampere/data.parquet
2025-10-24 turku: 288 rows -> /home/maya/github/Finnish-energy-pipeline/data/staging/fmi/weather/date=2025-10-24/station=turku/data.parquet
2025-10-24 vaasa: 288 rows -> /home/maya/github/Finnish-energy-pipeline/data/staging/fmi/weather/date=2025-10-24/station=vaasa/data.parquet
2025-10-25 helsinki: 288 rows -> /home/maya/github/Finnish-energy-pipeline/data/staging/fmi/weather/date=2025-10-25/station=helsinki/data.parquet
2025-10-25 oulu: 288 rows -> /home/maya/github/Finnish-energy-pipeline/data/staging/fmi/weather/date=2025-10-25/station=oulu/data.parquet
2025-10-25 rovaniemi: 288 rows -> /home/maya/github/Finnish-energy-pipeline/data/staging/fmi/weather/date=2025-10-25/station=rovaniemi/data.parquet
2025-10-25 tampere: 288 rows -> /home/maya/github/Finnish-energy-pipeline/data/staging/fmi/weather/date=2025-10-25/station=tampere/data.parquet
2025-10-25 turku: 288 rows -> /home/maya/github/Finnish-energy-pipeline/data/staging/fmi/weather/date=2025-10-25/station=turku/data.parquet
2025-10-25 vaasa: 288 rows -> /home/maya/github/Finnish-energy-pipeline/data/staging/fmi/weather/date=2025-10-25/station=vaasa/data.parquet
2025-10-26 helsinki: 288 rows -> /home/maya/github/Finnish-energy-pipeline/data/staging/fmi/weather/date=2025-10-26/station=helsinki/data.parquet
2025-10-26 oulu: 288 rows -> /home/maya/github/Finnish-energy-pipeline/data/staging/fmi/weather/date=2025-10-26/station=oulu/data.parquet
2025-10-26 rovaniemi: 288 rows -> /home/maya/github/Finnish-energy-pipeline/data/staging/fmi/weather/date=2025-10-26/station=rovaniemi/data.parquet
2025-10-26 tampere: 288 rows -> /home/maya/github/Finnish-energy-pipeline/data/staging/fmi/weather/date=2025-10-26/station=tampere/data.parquet
2025-10-26 turku: 288 rows -> /home/maya/github/Finnish-energy-pipeline/data/staging/fmi/weather/date=2025-10-26/station=turku/data.parquet
2025-10-26 vaasa: 288 rows -> /home/maya/github/Finnish-energy-pipeline/data/staging/fmi/weather/date=2025-10-26/station=vaasa/data.parquet
2025-10-27 helsinki: 288 rows -> /home/maya/github/Finnish-energy-pipeline/data/staging/fmi/weather/date=2025-10-27/station=helsinki/data.parquet
2025-10-27 oulu: 288 rows -> /home/maya/github/Finnish-energy-pipeline/data/staging/fmi/weather/date=2025-10-27/station=oulu/data.parquet
2025-10-27 rovaniemi: 288 rows -> /home/maya/github/Finnish-energy-pipeline/data/staging/fmi/weather/date=2025-10-27/station=rovaniemi/data.parquet
2025-10-27 tampere: 288 rows -> /home/maya/github/Finnish-energy-pipeline/data/staging/fmi/weather/date=2025-10-27/station=tampere/data.parquet
2025-10-27 turku: 288 rows -> /home/maya/github/Finnish-energy-pipeline/data/staging/fmi/weather/date=2025-10-27/station=turku/data.parquet
2025-10-27 vaasa: 288 rows -> /home/maya/github/Finnish-energy-pipeline/data/staging/fmi/weather/date=2025-10-27/station=vaasa/data.parquet
2025-10-28 helsinki: 288 rows -> /home/maya/github/Finnish-energy-pipeline/data/staging/fmi/weather/date=2025-10-28/station=helsinki/data.parquet
2025-10-28 oulu: 288 rows -> /home/maya/github/Finnish-energy-pipeline/data/staging/fmi/weather/date=2025-10-28/station=oulu/data.parquet
2025-10-28 rovaniemi: 288 rows -> /home/maya/github/Finnish-energy-pipeline/data/staging/fmi/weather/date=2025-10-28/station=rovaniemi/data.parquet
2025-10-28 tampere: 288 rows -> /home/maya/github/Finnish-energy-pipeline/data/staging/fmi/weather/date=2025-10-28/station=tampere/data.parquet
2025-10-28 turku: 288 rows -> /home/maya/github/Finnish-energy-pipeline/data/staging/fmi/weather/date=2025-10-28/station=turku/data.parquet
2025-10-28 vaasa: 288 rows -> /home/maya/github/Finnish-energy-pipeline/data/staging/fmi/weather/date=2025-10-28/station=vaasa/data.parquet
2025-10-29 helsinki: 288 rows -> /home/maya/github/Finnish-energy-pipeline/data/staging/fmi/weather/date=2025-10-29/station=helsinki/data.parquet
2025-10-29 oulu: 288 rows -> /home/maya/github/Finnish-energy-pipeline/data/staging/fmi/weather/date=2025-10-29/station=oulu/data.parquet
2025-10-29 rovaniemi: 288 rows -> /home/maya/github/Finnish-energy-pipeline/data/staging/fmi/weather/date=2025-10-29/station=rovaniemi/data.parquet
2025-10-29 tampere: 288 rows -> /home/maya/github/Finnish-energy-pipeline/data/staging/fmi/weather/date=2025-10-29/station=tampere/data.parquet
2025-10-29 turku: 288 rows -> /home/maya/github/Finnish-energy-pipeline/data/staging/fmi/weather/date=2025-10-29/station=turku/data.parquet
2025-10-29 vaasa: 288 rows -> /home/maya/github/Finnish-energy-pipeline/data/staging/fmi/weather/date=2025-10-29/station=vaasa/data.parquet
2025-10-30 helsinki: 288 rows -> /home/maya/github/Finnish-energy-pipeline/data/staging/fmi/weather/date=2025-10-30/station=helsinki/data.parquet
2025-10-30 oulu: 288 rows -> /home/maya/github/Finnish-energy-pipeline/data/staging/fmi/weather/date=2025-10-30/station=oulu/data.parquet
2025-10-30 rovaniemi: 288 rows -> /home/maya/github/Finnish-energy-pipeline/data/staging/fmi/weather/date=2025-10-30/station=rovaniemi/data.parquet
2025-10-30 tampere: 288 rows -> /home/maya/github/Finnish-energy-pipeline/data/staging/fmi/weather/date=2025-10-30/station=tampere/data.parquet
2025-10-30 turku: 288 rows -> /home/maya/github/Finnish-energy-pipeline/data/staging/fmi/weather/date=2025-10-30/station=turku/data.parquet
2025-10-30 vaasa: 288 rows -> /home/maya/github/Finnish-energy-pipeline/data/staging/fmi/weather/date=2025-10-30/station=vaasa/data.parquet
2025-10-31 helsinki: 288 rows -> /home/maya/github/Finnish-energy-pipeline/data/staging/fmi/weather/date=2025-10-31/station=helsinki/data.parquet
2025-10-31 oulu: 288 rows -> /home/maya/github/Finnish-energy-pipeline/data/staging/fmi/weather/date=2025-10-31/station=oulu/data.parquet
2025-10-31 rovaniemi: 288 rows -> /home/maya/github/Finnish-energy-pipeline/data/staging/fmi/weather/date=2025-10-31/station=rovaniemi/data.parquet
2025-10-31 tampere: 288 rows -> /home/maya/github/Finnish-energy-pipeline/data/staging/fmi/weather/date=2025-10-31/station=tampere/data.parquet
2025-10-31 turku: 288 rows -> /home/maya/github/Finnish-energy-pipeline/data/staging/fmi/weather/date=2025-10-31/station=turku/data.parquet
2025-10-31 vaasa: 288 rows -> /home/maya/github/Finnish-energy-pipeline/data/staging/fmi/weather/date=2025-10-31/station=vaasa/data.parquet
2025-11-01 helsinki: 288 rows -> /home/maya/github/Finnish-energy-pipeline/data/staging/fmi/weather/date=2025-11-01/station=helsinki/data.parquet
2025-11-01 oulu: 288 rows -> /home/maya/github/Finnish-energy-pipeline/data/staging/fmi/weather/date=2025-11-01/station=oulu/data.parquet
2025-11-01 rovaniemi: 288 rows -> /home/maya/github/Finnish-energy-pipeline/data/staging/fmi/weather/date=2025-11-01/station=rovaniemi/data.parquet
2025-11-01 tampere: 288 rows -> /home/maya/github/Finnish-energy-pipeline/data/staging/fmi/weather/date=2025-11-01/station=tampere/data.parquet
2025-11-01 turku: 288 rows -> /home/maya/github/Finnish-energy-pipeline/data/staging/fmi/weather/date=2025-11-01/station=turku/data.parquet
2025-11-01 vaasa: 288 rows -> /home/maya/github/Finnish-energy-pipeline/data/staging/fmi/weather/date=2025-11-01/station=vaasa/data.parquet
2025-11-02 helsinki: 288 rows -> /home/maya/github/Finnish-energy-pipeline/data/staging/fmi/weather/date=2025-11-02/station=helsinki/data.parquet
2025-11-02 oulu: 288 rows -> /home/maya/github/Finnish-energy-pipeline/data/staging/fmi/weather/date=2025-11-02/station=oulu/data.parquet
2025-11-02 rovaniemi: 288 rows -> /home/maya/github/Finnish-energy-pipeline/data/staging/fmi/weather/date=2025-11-02/station=rovaniemi/data.parquet
2025-11-02 tampere: 288 rows -> /home/maya/github/Finnish-energy-pipeline/data/staging/fmi/weather/date=2025-11-02/station=tampere/data.parquet
2025-11-02 turku: 288 rows -> /home/maya/github/Finnish-energy-pipeline/data/staging/fmi/weather/date=2025-11-02/station=turku/data.parquet
2025-11-02 vaasa: 288 rows -> /home/maya/github/Finnish-energy-pipeline/data/staging/fmi/weather/date=2025-11-02/station=vaasa/data.parquet
2025-11-03 helsinki: 288 rows -> /home/maya/github/Finnish-energy-pipeline/data/staging/fmi/weather/date=2025-11-03/station=helsinki/data.parquet
2025-11-03 oulu: 288 rows -> /home/maya/github/Finnish-energy-pipeline/data/staging/fmi/weather/date=2025-11-03/station=oulu/data.parquet
2025-11-03 rovaniemi: 288 rows -> /home/maya/github/Finnish-energy-pipeline/data/staging/fmi/weather/date=2025-11-03/station=rovaniemi/data.parquet
2025-11-03 tampere: 288 rows -> /home/maya/github/Finnish-energy-pipeline/data/staging/fmi/weather/date=2025-11-03/station=tampere/data.parquet
2025-11-03 turku: 288 rows -> /home/maya/github/Finnish-energy-pipeline/data/staging/fmi/weather/date=2025-11-03/station=turku/data.parquet
2025-11-03 vaasa: 288 rows -> /home/maya/github/Finnish-energy-pipeline/data/staging/fmi/weather/date=2025-11-03/station=vaasa/data.parquet
2025-11-04 helsinki: 288 rows -> /home/maya/github/Finnish-energy-pipeline/data/staging/fmi/weather/date=2025-11-04/station=helsinki/data.parquet
2025-11-04 oulu: 288 rows -> /home/maya/github/Finnish-energy-pipeline/data/staging/fmi/weather/date=2025-11-04/station=oulu/data.parquet
2025-11-04 rovaniemi: 288 rows -> /home/maya/github/Finnish-energy-pipeline/data/staging/fmi/weather/date=2025-11-04/station=rovaniemi/data.parquet
2025-11-04 tampere: 288 rows -> /home/maya/github/Finnish-energy-pipeline/data/staging/fmi/weather/date=2025-11-04/station=tampere/data.parquet
2025-11-04 turku: 288 rows -> /home/maya/github/Finnish-energy-pipeline/data/staging/fmi/weather/date=2025-11-04/station=turku/data.parquet
2025-11-04 vaasa: 288 rows -> /home/maya/github/Finnish-energy-pipeline/data/staging/fmi/weather/date=2025-11-04/station=vaasa/data.parquet
2025-11-05 helsinki: 288 rows -> /home/maya/github/Finnish-energy-pipeline/data/staging/fmi/weather/date=2025-11-05/station=helsinki/data.parquet
2025-11-05 oulu: 288 rows -> /home/maya/github/Finnish-energy-pipeline/data/staging/fmi/weather/date=2025-11-05/station=oulu/data.parquet
2025-11-05 rovaniemi: 288 rows -> /home/maya/github/Finnish-energy-pipeline/data/staging/fmi/weather/date=2025-11-05/station=rovaniemi/data.parquet
2025-11-05 tampere: 288 rows -> /home/maya/github/Finnish-energy-pipeline/data/staging/fmi/weather/date=2025-11-05/station=tampere/data.parquet
2025-11-05 turku: 288 rows -> /home/maya/github/Finnish-energy-pipeline/data/staging/fmi/weather/date=2025-11-05/station=turku/data.parquet
2025-11-05 vaasa: 288 rows -> /home/maya/github/Finnish-energy-pipeline/data/staging/fmi/weather/date=2025-11-05/station=vaasa/data.parquet
2025-11-06 helsinki: 288 rows -> /home/maya/github/Finnish-energy-pipeline/data/staging/fmi/weather/date=2025-11-06/station=helsinki/data.parquet
2025-11-06 oulu: 288 rows -> /home/maya/github/Finnish-energy-pipeline/data/staging/fmi/weather/date=2025-11-06/station=oulu/data.parquet
2025-11-06 rovaniemi: 288 rows -> /home/maya/github/Finnish-energy-pipeline/data/staging/fmi/weather/date=2025-11-06/station=rovaniemi/data.parquet
2025-11-06 tampere: 288 rows -> /home/maya/github/Finnish-energy-pipeline/data/staging/fmi/weather/date=2025-11-06/station=tampere/data.parquet
2025-11-06 turku: 288 rows -> /home/maya/github/Finnish-energy-pipeline/data/staging/fmi/weather/date=2025-11-06/station=turku/data.parquet
2025-11-06 vaasa: 288 rows -> /home/maya/github/Finnish-energy-pipeline/data/staging/fmi/weather/date=2025-11-06/station=vaasa/data.parquet
2025-11-07 helsinki: 288 rows -> /home/maya/github/Finnish-energy-pipeline/data/staging/fmi/weather/date=2025-11-07/station=helsinki/data.parquet
2025-11-07 oulu: 288 rows -> /home/maya/github/Finnish-energy-pipeline/data/staging/fmi/weather/date=2025-11-07/station=oulu/data.parquet
2025-11-07 rovaniemi: 288 rows -> /home/maya/github/Finnish-energy-pipeline/data/staging/fmi/weather/date=2025-11-07/station=rovaniemi/data.parquet
2025-11-07 tampere: 288 rows -> /home/maya/github/Finnish-energy-pipeline/data/staging/fmi/weather/date=2025-11-07/station=tampere/data.parquet
2025-11-07 turku: 288 rows -> /home/maya/github/Finnish-energy-pipeline/data/staging/fmi/weather/date=2025-11-07/station=turku/data.parquet
2025-11-07 vaasa: 288 rows -> /home/maya/github/Finnish-energy-pipeline/data/staging/fmi/weather/date=2025-11-07/station=vaasa/data.parquet
2025-11-08 helsinki: 288 rows -> /home/maya/github/Finnish-energy-pipeline/data/staging/fmi/weather/date=2025-11-08/station=helsinki/data.parquet
2025-11-08 oulu: 288 rows -> /home/maya/github/Finnish-energy-pipeline/data/staging/fmi/weather/date=2025-11-08/station=oulu/data.parquet
2025-11-08 rovaniemi: 288 rows -> /home/maya/github/Finnish-energy-pipeline/data/staging/fmi/weather/date=2025-11-08/station=rovaniemi/data.parquet
2025-11-08 tampere: 288 rows -> /home/maya/github/Finnish-energy-pipeline/data/staging/fmi/weather/date=2025-11-08/station=tampere/data.parquet
2025-11-08 turku: 288 rows -> /home/maya/github/Finnish-energy-pipeline/data/staging/fmi/weather/date=2025-11-08/station=turku/data.parquet
2025-11-08 vaasa: 288 rows -> /home/maya/github/Finnish-energy-pipeline/data/staging/fmi/weather/date=2025-11-08/station=vaasa/data.parquet
2025-11-09 helsinki: 288 rows -> /home/maya/github/Finnish-energy-pipeline/data/staging/fmi/weather/date=2025-11-09/station=helsinki/data.parquet
2025-11-09 oulu: 288 rows -> /home/maya/github/Finnish-energy-pipeline/data/staging/fmi/weather/date=2025-11-09/station=oulu/data.parquet
2025-11-09 rovaniemi: 288 rows -> /home/maya/github/Finnish-energy-pipeline/data/staging/fmi/weather/date=2025-11-09/station=rovaniemi/data.parquet
2025-11-09 tampere: 288 rows -> /home/maya/github/Finnish-energy-pipeline/data/staging/fmi/weather/date=2025-11-09/station=tampere/data.parquet
2025-11-09 turku: 288 rows -> /home/maya/github/Finnish-energy-pipeline/data/staging/fmi/weather/date=2025-11-09/station=turku/data.parquet
2025-11-09 vaasa: 288 rows -> /home/maya/github/Finnish-energy-pipeline/data/staging/fmi/weather/date=2025-11-09/station=vaasa/data.parquet
2025-11-10 helsinki: 288 rows -> /home/maya/github/Finnish-energy-pipeline/data/staging/fmi/weather/date=2025-11-10/station=helsinki/data.parquet
2025-11-10 oulu: 288 rows -> /home/maya/github/Finnish-energy-pipeline/data/staging/fmi/weather/date=2025-11-10/station=oulu/data.parquet
2025-11-10 rovaniemi: 288 rows -> /home/maya/github/Finnish-energy-pipeline/data/staging/fmi/weather/date=2025-11-10/station=rovaniemi/data.parquet
2025-11-10 tampere: 288 rows -> /home/maya/github/Finnish-energy-pipeline/data/staging/fmi/weather/date=2025-11-10/station=tampere/data.parquet
2025-11-10 turku: 288 rows -> /home/maya/github/Finnish-energy-pipeline/data/staging/fmi/weather/date=2025-11-10/station=turku/data.parquet
2025-11-10 vaasa: 288 rows -> /home/maya/github/Finnish-energy-pipeline/data/staging/fmi/weather/date=2025-11-10/station=vaasa/data.parquet
2025-11-11 helsinki: 288 rows -> /home/maya/github/Finnish-energy-pipeline/data/staging/fmi/weather/date=2025-11-11/station=helsinki/data.parquet
2025-11-11 oulu: 288 rows -> /home/maya/github/Finnish-energy-pipeline/data/staging/fmi/weather/date=2025-11-11/station=oulu/data.parquet
2025-11-11 rovaniemi: 288 rows -> /home/maya/github/Finnish-energy-pipeline/data/staging/fmi/weather/date=2025-11-11/station=rovaniemi/data.parquet
2025-11-11 tampere: 288 rows -> /home/maya/github/Finnish-energy-pipeline/data/staging/fmi/weather/date=2025-11-11/station=tampere/data.parquet
2025-11-11 turku: 288 rows -> /home/maya/github/Finnish-energy-pipeline/data/staging/fmi/weather/date=2025-11-11/station=turku/data.parquet
2025-11-11 vaasa: 288 rows -> /home/maya/github/Finnish-energy-pipeline/data/staging/fmi/weather/date=2025-11-11/station=vaasa/data.parquet
2025-11-12 helsinki: 288 rows -> /home/maya/github/Finnish-energy-pipeline/data/staging/fmi/weather/date=2025-11-12/station=helsinki/data.parquet
2025-11-12 oulu: 288 rows -> /home/maya/github/Finnish-energy-pipeline/data/staging/fmi/weather/date=2025-11-12/station=oulu/data.parquet
2025-11-12 rovaniemi: 288 rows -> /home/maya/github/Finnish-energy-pipeline/data/staging/fmi/weather/date=2025-11-12/station=rovaniemi/data.parquet
2025-11-12 tampere: 288 rows -> /home/maya/github/Finnish-energy-pipeline/data/staging/fmi/weather/date=2025-11-12/station=tampere/data.parquet
2025-11-12 turku: 288 rows -> /home/maya/github/Finnish-energy-pipeline/data/staging/fmi/weather/date=2025-11-12/station=turku/data.parquet
2025-11-12 vaasa: 288 rows -> /home/maya/github/Finnish-energy-pipeline/data/staging/fmi/weather/date=2025-11-12/station=vaasa/data.parquet
2025-11-13 helsinki: 288 rows -> /home/maya/github/Finnish-energy-pipeline/data/staging/fmi/weather/date=2025-11-13/station=helsinki/data.parquet
2025-11-13 oulu: 288 rows -> /home/maya/github/Finnish-energy-pipeline/data/staging/fmi/weather/date=2025-11-13/station=oulu/data.parquet
2025-11-13 rovaniemi: 288 rows -> /home/maya/github/Finnish-energy-pipeline/data/staging/fmi/weather/date=2025-11-13/station=rovaniemi/data.parquet
2025-11-13 tampere: 288 rows -> /home/maya/github/Finnish-energy-pipeline/data/staging/fmi/weather/date=2025-11-13/station=tampere/data.parquet
2025-11-13 turku: 288 rows -> /home/maya/github/Finnish-energy-pipeline/data/staging/fmi/weather/date=2025-11-13/station=turku/data.parquet
2025-11-13 vaasa: 288 rows -> /home/maya/github/Finnish-energy-pipeline/data/staging/fmi/weather/date=2025-11-13/station=vaasa/data.parquet
2025-11-14 helsinki: 288 rows -> /home/maya/github/Finnish-energy-pipeline/data/staging/fmi/weather/date=2025-11-14/station=helsinki/data.parquet
2025-11-14 oulu: 288 rows -> /home/maya/github/Finnish-energy-pipeline/data/staging/fmi/weather/date=2025-11-14/station=oulu/data.parquet
2025-11-14 rovaniemi: 288 rows -> /home/maya/github/Finnish-energy-pipeline/data/staging/fmi/weather/date=2025-11-14/station=rovaniemi/data.parquet
2025-11-14 tampere: 288 rows -> /home/maya/github/Finnish-energy-pipeline/data/staging/fmi/weather/date=2025-11-14/station=tampere/data.parquet
2025-11-14 turku: 288 rows -> /home/maya/github/Finnish-energy-pipeline/data/staging/fmi/weather/date=2025-11-14/station=turku/data.parquet
2025-11-14 vaasa: 288 rows -> /home/maya/github/Finnish-energy-pipeline/data/staging/fmi/weather/date=2025-11-14/station=vaasa/data.parquet
2025-11-15 helsinki: 288 rows -> /home/maya/github/Finnish-energy-pipeline/data/staging/fmi/weather/date=2025-11-15/station=helsinki/data.parquet
2025-11-15 oulu: 288 rows -> /home/maya/github/Finnish-energy-pipeline/data/staging/fmi/weather/date=2025-11-15/station=oulu/data.parquet
2025-11-15 rovaniemi: 288 rows -> /home/maya/github/Finnish-energy-pipeline/data/staging/fmi/weather/date=2025-11-15/station=rovaniemi/data.parquet
2025-11-15 tampere: 288 rows -> /home/maya/github/Finnish-energy-pipeline/data/staging/fmi/weather/date=2025-11-15/station=tampere/data.parquet
2025-11-15 turku: 288 rows -> /home/maya/github/Finnish-energy-pipeline/data/staging/fmi/weather/date=2025-11-15/station=turku/data.parquet
2025-11-15 vaasa: 288 rows -> /home/maya/github/Finnish-energy-pipeline/data/staging/fmi/weather/date=2025-11-15/station=vaasa/data.parquet
2025-11-16 helsinki: 288 rows -> /home/maya/github/Finnish-energy-pipeline/data/staging/fmi/weather/date=2025-11-16/station=helsinki/data.parquet
2025-11-16 oulu: 288 rows -> /home/maya/github/Finnish-energy-pipeline/data/staging/fmi/weather/date=2025-11-16/station=oulu/data.parquet
2025-11-16 rovaniemi: 288 rows -> /home/maya/github/Finnish-energy-pipeline/data/staging/fmi/weather/date=2025-11-16/station=rovaniemi/data.parquet
2025-11-16 tampere: 288 rows -> /home/maya/github/Finnish-energy-pipeline/data/staging/fmi/weather/date=2025-11-16/station=tampere/data.parquet
2025-11-16 turku: 288 rows -> /home/maya/github/Finnish-energy-pipeline/data/staging/fmi/weather/date=2025-11-16/station=turku/data.parquet
2025-11-16 vaasa: 288 rows -> /home/maya/github/Finnish-energy-pipeline/data/staging/fmi/weather/date=2025-11-16/station=vaasa/data.parquet
2025-11-17 helsinki: 288 rows -> /home/maya/github/Finnish-energy-pipeline/data/staging/fmi/weather/date=2025-11-17/station=helsinki/data.parquet
2025-11-17 oulu: 288 rows -> /home/maya/github/Finnish-energy-pipeline/data/staging/fmi/weather/date=2025-11-17/station=oulu/data.parquet
2025-11-17 rovaniemi: 288 rows -> /home/maya/github/Finnish-energy-pipeline/data/staging/fmi/weather/date=2025-11-17/station=rovaniemi/data.parquet
2025-11-17 tampere: 288 rows -> /home/maya/github/Finnish-energy-pipeline/data/staging/fmi/weather/date=2025-11-17/station=tampere/data.parquet
2025-11-17 turku: 288 rows -> /home/maya/github/Finnish-energy-pipeline/data/staging/fmi/weather/date=2025-11-17/station=turku/data.parquet
2025-11-17 vaasa: 288 rows -> /home/maya/github/Finnish-energy-pipeline/data/staging/fmi/weather/date=2025-11-17/station=vaasa/data.parquet
2025-11-18 helsinki: 288 rows -> /home/maya/github/Finnish-energy-pipeline/data/staging/fmi/weather/date=2025-11-18/station=helsinki/data.parquet
2025-11-18 oulu: 288 rows -> /home/maya/github/Finnish-energy-pipeline/data/staging/fmi/weather/date=2025-11-18/station=oulu/data.parquet
2025-11-18 rovaniemi: 288 rows -> /home/maya/github/Finnish-energy-pipeline/data/staging/fmi/weather/date=2025-11-18/station=rovaniemi/data.parquet
2025-11-18 tampere: 288 rows -> /home/maya/github/Finnish-energy-pipeline/data/staging/fmi/weather/date=2025-11-18/station=tampere/data.parquet
2025-11-18 turku: 288 rows -> /home/maya/github/Finnish-energy-pipeline/data/staging/fmi/weather/date=2025-11-18/station=turku/data.parquet
2025-11-18 vaasa: 288 rows -> /home/maya/github/Finnish-energy-pipeline/data/staging/fmi/weather/date=2025-11-18/station=vaasa/data.parquet
2025-11-19 helsinki: 288 rows -> /home/maya/github/Finnish-energy-pipeline/data/staging/fmi/weather/date=2025-11-19/station=helsinki/data.parquet
2025-11-19 oulu: 288 rows -> /home/maya/github/Finnish-energy-pipeline/data/staging/fmi/weather/date=2025-11-19/station=oulu/data.parquet
2025-11-19 rovaniemi: 288 rows -> /home/maya/github/Finnish-energy-pipeline/data/staging/fmi/weather/date=2025-11-19/station=rovaniemi/data.parquet
2025-11-19 tampere: 288 rows -> /home/maya/github/Finnish-energy-pipeline/data/staging/fmi/weather/date=2025-11-19/station=tampere/data.parquet
2025-11-19 turku: 288 rows -> /home/maya/github/Finnish-energy-pipeline/data/staging/fmi/weather/date=2025-11-19/station=turku/data.parquet
2025-11-19 vaasa: 288 rows -> /home/maya/github/Finnish-energy-pipeline/data/staging/fmi/weather/date=2025-11-19/station=vaasa/data.parquet
2025-11-20 helsinki: 288 rows -> /home/maya/github/Finnish-energy-pipeline/data/staging/fmi/weather/date=2025-11-20/station=helsinki/data.parquet
2025-11-20 oulu: 288 rows -> /home/maya/github/Finnish-energy-pipeline/data/staging/fmi/weather/date=2025-11-20/station=oulu/data.parquet
2025-11-20 rovaniemi: 288 rows -> /home/maya/github/Finnish-energy-pipeline/data/staging/fmi/weather/date=2025-11-20/station=rovaniemi/data.parquet
2025-11-20 tampere: 288 rows -> /home/maya/github/Finnish-energy-pipeline/data/staging/fmi/weather/date=2025-11-20/station=tampere/data.parquet
2025-11-20 turku: 288 rows -> /home/maya/github/Finnish-energy-pipeline/data/staging/fmi/weather/date=2025-11-20/station=turku/data.parquet
2025-11-20 vaasa: 288 rows -> /home/maya/github/Finnish-energy-pipeline/data/staging/fmi/weather/date=2025-11-20/station=vaasa/data.parquet
2025-11-21 helsinki: 288 rows -> /home/maya/github/Finnish-energy-pipeline/data/staging/fmi/weather/date=2025-11-21/station=helsinki/data.parquet
2025-11-21 oulu: 288 rows -> /home/maya/github/Finnish-energy-pipeline/data/staging/fmi/weather/date=2025-11-21/station=oulu/data.parquet
2025-11-21 rovaniemi: 288 rows -> /home/maya/github/Finnish-energy-pipeline/data/staging/fmi/weather/date=2025-11-21/station=rovaniemi/data.parquet
2025-11-21 tampere: 288 rows -> /home/maya/github/Finnish-energy-pipeline/data/staging/fmi/weather/date=2025-11-21/station=tampere/data.parquet
2025-11-21 turku: 288 rows -> /home/maya/github/Finnish-energy-pipeline/data/staging/fmi/weather/date=2025-11-21/station=turku/data.parquet
2025-11-21 vaasa: 288 rows -> /home/maya/github/Finnish-energy-pipeline/data/staging/fmi/weather/date=2025-11-21/station=vaasa/data.parquet
2025-11-22 helsinki: 288 rows -> /home/maya/github/Finnish-energy-pipeline/data/staging/fmi/weather/date=2025-11-22/station=helsinki/data.parquet
2025-11-22 oulu: 288 rows -> /home/maya/github/Finnish-energy-pipeline/data/staging/fmi/weather/date=2025-11-22/station=oulu/data.parquet
2025-11-22 rovaniemi: 288 rows -> /home/maya/github/Finnish-energy-pipeline/data/staging/fmi/weather/date=2025-11-22/station=rovaniemi/data.parquet
2025-11-22 tampere: 288 rows -> /home/maya/github/Finnish-energy-pipeline/data/staging/fmi/weather/date=2025-11-22/station=tampere/data.parquet
2025-11-22 turku: 288 rows -> /home/maya/github/Finnish-energy-pipeline/data/staging/fmi/weather/date=2025-11-22/station=turku/data.parquet
2025-11-22 vaasa: 288 rows -> /home/maya/github/Finnish-energy-pipeline/data/staging/fmi/weather/date=2025-11-22/station=vaasa/data.parquet
2025-11-23 helsinki: 288 rows -> /home/maya/github/Finnish-energy-pipeline/data/staging/fmi/weather/date=2025-11-23/station=helsinki/data.parquet
2025-11-23 oulu: 288 rows -> /home/maya/github/Finnish-energy-pipeline/data/staging/fmi/weather/date=2025-11-23/station=oulu/data.parquet
2025-11-23 rovaniemi: 288 rows -> /home/maya/github/Finnish-energy-pipeline/data/staging/fmi/weather/date=2025-11-23/station=rovaniemi/data.parquet
2025-11-23 tampere: 288 rows -> /home/maya/github/Finnish-energy-pipeline/data/staging/fmi/weather/date=2025-11-23/station=tampere/data.parquet
2025-11-23 turku: 288 rows -> /home/maya/github/Finnish-energy-pipeline/data/staging/fmi/weather/date=2025-11-23/station=turku/data.parquet
2025-11-23 vaasa: 288 rows -> /home/maya/github/Finnish-energy-pipeline/data/staging/fmi/weather/date=2025-11-23/station=vaasa/data.parquet
2025-11-24 helsinki: 288 rows -> /home/maya/github/Finnish-energy-pipeline/data/staging/fmi/weather/date=2025-11-24/station=helsinki/data.parquet
2025-11-24 oulu: 288 rows -> /home/maya/github/Finnish-energy-pipeline/data/staging/fmi/weather/date=2025-11-24/station=oulu/data.parquet
2025-11-24 rovaniemi: 288 rows -> /home/maya/github/Finnish-energy-pipeline/data/staging/fmi/weather/date=2025-11-24/station=rovaniemi/data.parquet
2025-11-24 tampere: 288 rows -> /home/maya/github/Finnish-energy-pipeline/data/staging/fmi/weather/date=2025-11-24/station=tampere/data.parquet
2025-11-24 turku: 288 rows -> /home/maya/github/Finnish-energy-pipeline/data/staging/fmi/weather/date=2025-11-24/station=turku/data.parquet
2025-11-24 vaasa: 288 rows -> /home/maya/github/Finnish-energy-pipeline/data/staging/fmi/weather/date=2025-11-24/station=vaasa/data.parquet
2025-11-25 helsinki: 288 rows -> /home/maya/github/Finnish-energy-pipeline/data/staging/fmi/weather/date=2025-11-25/station=helsinki/data.parquet
2025-11-25 oulu: 288 rows -> /home/maya/github/Finnish-energy-pipeline/data/staging/fmi/weather/date=2025-11-25/station=oulu/data.parquet
2025-11-25 rovaniemi: 288 rows -> /home/maya/github/Finnish-energy-pipeline/data/staging/fmi/weather/date=2025-11-25/station=rovaniemi/data.parquet
2025-11-25 tampere: 288 rows -> /home/maya/github/Finnish-energy-pipeline/data/staging/fmi/weather/date=2025-11-25/station=tampere/data.parquet
2025-11-25 turku: 288 rows -> /home/maya/github/Finnish-energy-pipeline/data/staging/fmi/weather/date=2025-11-25/station=turku/data.parquet
2025-11-25 vaasa: 288 rows -> /home/maya/github/Finnish-energy-pipeline/data/staging/fmi/weather/date=2025-11-25/station=vaasa/data.parquet
2025-11-26 helsinki: 288 rows -> /home/maya/github/Finnish-energy-pipeline/data/staging/fmi/weather/date=2025-11-26/station=helsinki/data.parquet
2025-11-26 oulu: 288 rows -> /home/maya/github/Finnish-energy-pipeline/data/staging/fmi/weather/date=2025-11-26/station=oulu/data.parquet
2025-11-26 rovaniemi: 288 rows -> /home/maya/github/Finnish-energy-pipeline/data/staging/fmi/weather/date=2025-11-26/station=rovaniemi/data.parquet
2025-11-26 tampere: 288 rows -> /home/maya/github/Finnish-energy-pipeline/data/staging/fmi/weather/date=2025-11-26/station=tampere/data.parquet
2025-11-26 turku: 288 rows -> /home/maya/github/Finnish-energy-pipeline/data/staging/fmi/weather/date=2025-11-26/station=turku/data.parquet
2025-11-26 vaasa: 288 rows -> /home/maya/github/Finnish-energy-pipeline/data/staging/fmi/weather/date=2025-11-26/station=vaasa/data.parquet
2025-11-27 helsinki: 288 rows -> /home/maya/github/Finnish-energy-pipeline/data/staging/fmi/weather/date=2025-11-27/station=helsinki/data.parquet
2025-11-27 oulu: 288 rows -> /home/maya/github/Finnish-energy-pipeline/data/staging/fmi/weather/date=2025-11-27/station=oulu/data.parquet
2025-11-27 rovaniemi: 288 rows -> /home/maya/github/Finnish-energy-pipeline/data/staging/fmi/weather/date=2025-11-27/station=rovaniemi/data.parquet
2025-11-27 tampere: 288 rows -> /home/maya/github/Finnish-energy-pipeline/data/staging/fmi/weather/date=2025-11-27/station=tampere/data.parquet
2025-11-27 turku: 288 rows -> /home/maya/github/Finnish-energy-pipeline/data/staging/fmi/weather/date=2025-11-27/station=turku/data.parquet
2025-11-27 vaasa: 288 rows -> /home/maya/github/Finnish-energy-pipeline/data/staging/fmi/weather/date=2025-11-27/station=vaasa/data.parquet
2025-11-28 helsinki: 288 rows -> /home/maya/github/Finnish-energy-pipeline/data/staging/fmi/weather/date=2025-11-28/station=helsinki/data.parquet
2025-11-28 oulu: 288 rows -> /home/maya/github/Finnish-energy-pipeline/data/staging/fmi/weather/date=2025-11-28/station=oulu/data.parquet
2025-11-28 rovaniemi: 288 rows -> /home/maya/github/Finnish-energy-pipeline/data/staging/fmi/weather/date=2025-11-28/station=rovaniemi/data.parquet
2025-11-28 tampere: 288 rows -> /home/maya/github/Finnish-energy-pipeline/data/staging/fmi/weather/date=2025-11-28/station=tampere/data.parquet
2025-11-28 turku: 288 rows -> /home/maya/github/Finnish-energy-pipeline/data/staging/fmi/weather/date=2025-11-28/station=turku/data.parquet
2025-11-28 vaasa: 288 rows -> /home/maya/github/Finnish-energy-pipeline/data/staging/fmi/weather/date=2025-11-28/station=vaasa/data.parquet
2025-11-29 helsinki: 288 rows -> /home/maya/github/Finnish-energy-pipeline/data/staging/fmi/weather/date=2025-11-29/station=helsinki/data.parquet
2025-11-29 oulu: 288 rows -> /home/maya/github/Finnish-energy-pipeline/data/staging/fmi/weather/date=2025-11-29/station=oulu/data.parquet
2025-11-29 rovaniemi: 288 rows -> /home/maya/github/Finnish-energy-pipeline/data/staging/fmi/weather/date=2025-11-29/station=rovaniemi/data.parquet
2025-11-29 tampere: 288 rows -> /home/maya/github/Finnish-energy-pipeline/data/staging/fmi/weather/date=2025-11-29/station=tampere/data.parquet
2025-11-29 turku: 288 rows -> /home/maya/github/Finnish-energy-pipeline/data/staging/fmi/weather/date=2025-11-29/station=turku/data.parquet
2025-11-29 vaasa: 288 rows -> /home/maya/github/Finnish-energy-pipeline/data/staging/fmi/weather/date=2025-11-29/station=vaasa/data.parquet
2025-11-30 helsinki: 288 rows -> /home/maya/github/Finnish-energy-pipeline/data/staging/fmi/weather/date=2025-11-30/station=helsinki/data.parquet
2025-11-30 oulu: 288 rows -> /home/maya/github/Finnish-energy-pipeline/data/staging/fmi/weather/date=2025-11-30/station=oulu/data.parquet
2025-11-30 rovaniemi: 288 rows -> /home/maya/github/Finnish-energy-pipeline/data/staging/fmi/weather/date=2025-11-30/station=rovaniemi/data.parquet
2025-11-30 tampere: 288 rows -> /home/maya/github/Finnish-energy-pipeline/data/staging/fmi/weather/date=2025-11-30/station=tampere/data.parquet
2025-11-30 turku: 288 rows -> /home/maya/github/Finnish-energy-pipeline/data/staging/fmi/weather/date=2025-11-30/station=turku/data.parquet
2025-11-30 vaasa: 288 rows -> /home/maya/github/Finnish-energy-pipeline/data/staging/fmi/weather/date=2025-11-30/station=vaasa/data.parquet
2025-12-01 helsinki: 288 rows -> /home/maya/github/Finnish-energy-pipeline/data/staging/fmi/weather/date=2025-12-01/station=helsinki/data.parquet
2025-12-01 oulu: 288 rows -> /home/maya/github/Finnish-energy-pipeline/data/staging/fmi/weather/date=2025-12-01/station=oulu/data.parquet
2025-12-01 rovaniemi: 288 rows -> /home/maya/github/Finnish-energy-pipeline/data/staging/fmi/weather/date=2025-12-01/station=rovaniemi/data.parquet
2025-12-01 tampere: 288 rows -> /home/maya/github/Finnish-energy-pipeline/data/staging/fmi/weather/date=2025-12-01/station=tampere/data.parquet
2025-12-01 turku: 288 rows -> /home/maya/github/Finnish-energy-pipeline/data/staging/fmi/weather/date=2025-12-01/station=turku/data.parquet
2025-12-01 vaasa: 288 rows -> /home/maya/github/Finnish-energy-pipeline/data/staging/fmi/weather/date=2025-12-01/station=vaasa/data.parquet
2025-12-02 helsinki: 288 rows -> /home/maya/github/Finnish-energy-pipeline/data/staging/fmi/weather/date=2025-12-02/station=helsinki/data.parquet
2025-12-02 oulu: 288 rows -> /home/maya/github/Finnish-energy-pipeline/data/staging/fmi/weather/date=2025-12-02/station=oulu/data.parquet
2025-12-02 rovaniemi: 288 rows -> /home/maya/github/Finnish-energy-pipeline/data/staging/fmi/weather/date=2025-12-02/station=rovaniemi/data.parquet
2025-12-02 tampere: 288 rows -> /home/maya/github/Finnish-energy-pipeline/data/staging/fmi/weather/date=2025-12-02/station=tampere/data.parquet
2025-12-02 turku: 288 rows -> /home/maya/github/Finnish-energy-pipeline/data/staging/fmi/weather/date=2025-12-02/station=turku/data.parquet
2025-12-02 vaasa: 288 rows -> /home/maya/github/Finnish-energy-pipeline/data/staging/fmi/weather/date=2025-12-02/station=vaasa/data.parquet
2025-12-03 helsinki: 288 rows -> /home/maya/github/Finnish-energy-pipeline/data/staging/fmi/weather/date=2025-12-03/station=helsinki/data.parquet
2025-12-03 oulu: 288 rows -> /home/maya/github/Finnish-energy-pipeline/data/staging/fmi/weather/date=2025-12-03/station=oulu/data.parquet
2025-12-03 rovaniemi: 288 rows -> /home/maya/github/Finnish-energy-pipeline/data/staging/fmi/weather/date=2025-12-03/station=rovaniemi/data.parquet
2025-12-03 tampere: 288 rows -> /home/maya/github/Finnish-energy-pipeline/data/staging/fmi/weather/date=2025-12-03/station=tampere/data.parquet
2025-12-03 turku: 288 rows -> /home/maya/github/Finnish-energy-pipeline/data/staging/fmi/weather/date=2025-12-03/station=turku/data.parquet
2025-12-03 vaasa: 288 rows -> /home/maya/github/Finnish-energy-pipeline/data/staging/fmi/weather/date=2025-12-03/station=vaasa/data.parquet
2025-12-04 helsinki: 288 rows -> /home/maya/github/Finnish-energy-pipeline/data/staging/fmi/weather/date=2025-12-04/station=helsinki/data.parquet
2025-12-04 oulu: 288 rows -> /home/maya/github/Finnish-energy-pipeline/data/staging/fmi/weather/date=2025-12-04/station=oulu/data.parquet
2025-12-04 rovaniemi: 288 rows -> /home/maya/github/Finnish-energy-pipeline/data/staging/fmi/weather/date=2025-12-04/station=rovaniemi/data.parquet
2025-12-04 tampere: 288 rows -> /home/maya/github/Finnish-energy-pipeline/data/staging/fmi/weather/date=2025-12-04/station=tampere/data.parquet
2025-12-04 turku: 288 rows -> /home/maya/github/Finnish-energy-pipeline/data/staging/fmi/weather/date=2025-12-04/station=turku/data.parquet
2025-12-04 vaasa: 288 rows -> /home/maya/github/Finnish-energy-pipeline/data/staging/fmi/weather/date=2025-12-04/station=vaasa/data.parquet
2025-12-05 helsinki: 288 rows -> /home/maya/github/Finnish-energy-pipeline/data/staging/fmi/weather/date=2025-12-05/station=helsinki/data.parquet
2025-12-05 oulu: 288 rows -> /home/maya/github/Finnish-energy-pipeline/data/staging/fmi/weather/date=2025-12-05/station=oulu/data.parquet
2025-12-05 rovaniemi: 288 rows -> /home/maya/github/Finnish-energy-pipeline/data/staging/fmi/weather/date=2025-12-05/station=rovaniemi/data.parquet
2025-12-05 tampere: 288 rows -> /home/maya/github/Finnish-energy-pipeline/data/staging/fmi/weather/date=2025-12-05/station=tampere/data.parquet
2025-12-05 turku: 288 rows -> /home/maya/github/Finnish-energy-pipeline/data/staging/fmi/weather/date=2025-12-05/station=turku/data.parquet
2025-12-05 vaasa: 288 rows -> /home/maya/github/Finnish-energy-pipeline/data/staging/fmi/weather/date=2025-12-05/station=vaasa/data.parquet
2025-12-06 helsinki: 288 rows -> /home/maya/github/Finnish-energy-pipeline/data/staging/fmi/weather/date=2025-12-06/station=helsinki/data.parquet
2025-12-06 oulu: 288 rows -> /home/maya/github/Finnish-energy-pipeline/data/staging/fmi/weather/date=2025-12-06/station=oulu/data.parquet
2025-12-06 rovaniemi: 288 rows -> /home/maya/github/Finnish-energy-pipeline/data/staging/fmi/weather/date=2025-12-06/station=rovaniemi/data.parquet
2025-12-06 tampere: 288 rows -> /home/maya/github/Finnish-energy-pipeline/data/staging/fmi/weather/date=2025-12-06/station=tampere/data.parquet
2025-12-06 turku: 288 rows -> /home/maya/github/Finnish-energy-pipeline/data/staging/fmi/weather/date=2025-12-06/station=turku/data.parquet
2025-12-06 vaasa: 288 rows -> /home/maya/github/Finnish-energy-pipeline/data/staging/fmi/weather/date=2025-12-06/station=vaasa/data.parquet
2025-12-07 helsinki: 288 rows -> /home/maya/github/Finnish-energy-pipeline/data/staging/fmi/weather/date=2025-12-07/station=helsinki/data.parquet
2025-12-07 oulu: 288 rows -> /home/maya/github/Finnish-energy-pipeline/data/staging/fmi/weather/date=2025-12-07/station=oulu/data.parquet
2025-12-07 rovaniemi: 288 rows -> /home/maya/github/Finnish-energy-pipeline/data/staging/fmi/weather/date=2025-12-07/station=rovaniemi/data.parquet
2025-12-07 tampere: 288 rows -> /home/maya/github/Finnish-energy-pipeline/data/staging/fmi/weather/date=2025-12-07/station=tampere/data.parquet
2025-12-07 turku: 288 rows -> /home/maya/github/Finnish-energy-pipeline/data/staging/fmi/weather/date=2025-12-07/station=turku/data.parquet
2025-12-07 vaasa: 288 rows -> /home/maya/github/Finnish-energy-pipeline/data/staging/fmi/weather/date=2025-12-07/station=vaasa/data.parquet
2025-12-08 helsinki: 288 rows -> /home/maya/github/Finnish-energy-pipeline/data/staging/fmi/weather/date=2025-12-08/station=helsinki/data.parquet
2025-12-08 oulu: 288 rows -> /home/maya/github/Finnish-energy-pipeline/data/staging/fmi/weather/date=2025-12-08/station=oulu/data.parquet
2025-12-08 rovaniemi: 288 rows -> /home/maya/github/Finnish-energy-pipeline/data/staging/fmi/weather/date=2025-12-08/station=rovaniemi/data.parquet
2025-12-08 tampere: 288 rows -> /home/maya/github/Finnish-energy-pipeline/data/staging/fmi/weather/date=2025-12-08/station=tampere/data.parquet
2025-12-08 turku: 288 rows -> /home/maya/github/Finnish-energy-pipeline/data/staging/fmi/weather/date=2025-12-08/station=turku/data.parquet
2025-12-08 vaasa: 288 rows -> /home/maya/github/Finnish-energy-pipeline/data/staging/fmi/weather/date=2025-12-08/station=vaasa/data.parquet
2025-12-09 helsinki: 288 rows -> /home/maya/github/Finnish-energy-pipeline/data/staging/fmi/weather/date=2025-12-09/station=helsinki/data.parquet
2025-12-09 oulu: 288 rows -> /home/maya/github/Finnish-energy-pipeline/data/staging/fmi/weather/date=2025-12-09/station=oulu/data.parquet
2025-12-09 rovaniemi: 288 rows -> /home/maya/github/Finnish-energy-pipeline/data/staging/fmi/weather/date=2025-12-09/station=rovaniemi/data.parquet
2025-12-09 tampere: 288 rows -> /home/maya/github/Finnish-energy-pipeline/data/staging/fmi/weather/date=2025-12-09/station=tampere/data.parquet
2025-12-09 turku: 288 rows -> /home/maya/github/Finnish-energy-pipeline/data/staging/fmi/weather/date=2025-12-09/station=turku/data.parquet
2025-12-09 vaasa: 288 rows -> /home/maya/github/Finnish-energy-pipeline/data/staging/fmi/weather/date=2025-12-09/station=vaasa/data.parquet
2025-12-10 helsinki: 288 rows -> /home/maya/github/Finnish-energy-pipeline/data/staging/fmi/weather/date=2025-12-10/station=helsinki/data.parquet
2025-12-10 oulu: 288 rows -> /home/maya/github/Finnish-energy-pipeline/data/staging/fmi/weather/date=2025-12-10/station=oulu/data.parquet
2025-12-10 rovaniemi: 288 rows -> /home/maya/github/Finnish-energy-pipeline/data/staging/fmi/weather/date=2025-12-10/station=rovaniemi/data.parquet
2025-12-10 tampere: 288 rows -> /home/maya/github/Finnish-energy-pipeline/data/staging/fmi/weather/date=2025-12-10/station=tampere/data.parquet
2025-12-10 turku: 288 rows -> /home/maya/github/Finnish-energy-pipeline/data/staging/fmi/weather/date=2025-12-10/station=turku/data.parquet
2025-12-10 vaasa: 288 rows -> /home/maya/github/Finnish-energy-pipeline/data/staging/fmi/weather/date=2025-12-10/station=vaasa/data.parquet
2025-12-11 helsinki: 288 rows -> /home/maya/github/Finnish-energy-pipeline/data/staging/fmi/weather/date=2025-12-11/station=helsinki/data.parquet
2025-12-11 oulu: 288 rows -> /home/maya/github/Finnish-energy-pipeline/data/staging/fmi/weather/date=2025-12-11/station=oulu/data.parquet
2025-12-11 rovaniemi: 288 rows -> /home/maya/github/Finnish-energy-pipeline/data/staging/fmi/weather/date=2025-12-11/station=rovaniemi/data.parquet
2025-12-11 tampere: 288 rows -> /home/maya/github/Finnish-energy-pipeline/data/staging/fmi/weather/date=2025-12-11/station=tampere/data.parquet
2025-12-11 turku: 288 rows -> /home/maya/github/Finnish-energy-pipeline/data/staging/fmi/weather/date=2025-12-11/station=turku/data.parquet
2025-12-11 vaasa: 288 rows -> /home/maya/github/Finnish-energy-pipeline/data/staging/fmi/weather/date=2025-12-11/station=vaasa/data.parquet
2025-12-12 helsinki: 288 rows -> /home/maya/github/Finnish-energy-pipeline/data/staging/fmi/weather/date=2025-12-12/station=helsinki/data.parquet
2025-12-12 oulu: 288 rows -> /home/maya/github/Finnish-energy-pipeline/data/staging/fmi/weather/date=2025-12-12/station=oulu/data.parquet
2025-12-12 rovaniemi: 288 rows -> /home/maya/github/Finnish-energy-pipeline/data/staging/fmi/weather/date=2025-12-12/station=rovaniemi/data.parquet
2025-12-12 tampere: 288 rows -> /home/maya/github/Finnish-energy-pipeline/data/staging/fmi/weather/date=2025-12-12/station=tampere/data.parquet
2025-12-12 turku: 288 rows -> /home/maya/github/Finnish-energy-pipeline/data/staging/fmi/weather/date=2025-12-12/station=turku/data.parquet
2025-12-12 vaasa: 288 rows -> /home/maya/github/Finnish-energy-pipeline/data/staging/fmi/weather/date=2025-12-12/station=vaasa/data.parquet
2025-12-13 helsinki: 288 rows -> /home/maya/github/Finnish-energy-pipeline/data/staging/fmi/weather/date=2025-12-13/station=helsinki/data.parquet
2025-12-13 oulu: 288 rows -> /home/maya/github/Finnish-energy-pipeline/data/staging/fmi/weather/date=2025-12-13/station=oulu/data.parquet
2025-12-13 rovaniemi: 288 rows -> /home/maya/github/Finnish-energy-pipeline/data/staging/fmi/weather/date=2025-12-13/station=rovaniemi/data.parquet
2025-12-13 tampere: 288 rows -> /home/maya/github/Finnish-energy-pipeline/data/staging/fmi/weather/date=2025-12-13/station=tampere/data.parquet
2025-12-13 turku: 288 rows -> /home/maya/github/Finnish-energy-pipeline/data/staging/fmi/weather/date=2025-12-13/station=turku/data.parquet
2025-12-13 vaasa: 288 rows -> /home/maya/github/Finnish-energy-pipeline/data/staging/fmi/weather/date=2025-12-13/station=vaasa/data.parquet
2025-12-14 helsinki: 288 rows -> /home/maya/github/Finnish-energy-pipeline/data/staging/fmi/weather/date=2025-12-14/station=helsinki/data.parquet
2025-12-14 oulu: 288 rows -> /home/maya/github/Finnish-energy-pipeline/data/staging/fmi/weather/date=2025-12-14/station=oulu/data.parquet
2025-12-14 rovaniemi: 288 rows -> /home/maya/github/Finnish-energy-pipeline/data/staging/fmi/weather/date=2025-12-14/station=rovaniemi/data.parquet
2025-12-14 tampere: 288 rows -> /home/maya/github/Finnish-energy-pipeline/data/staging/fmi/weather/date=2025-12-14/station=tampere/data.parquet
2025-12-14 turku: 288 rows -> /home/maya/github/Finnish-energy-pipeline/data/staging/fmi/weather/date=2025-12-14/station=turku/data.parquet
2025-12-14 vaasa: 288 rows -> /home/maya/github/Finnish-energy-pipeline/data/staging/fmi/weather/date=2025-12-14/station=vaasa/data.parquet
2025-12-15 helsinki: 288 rows -> /home/maya/github/Finnish-energy-pipeline/data/staging/fmi/weather/date=2025-12-15/station=helsinki/data.parquet
2025-12-15 oulu: 288 rows -> /home/maya/github/Finnish-energy-pipeline/data/staging/fmi/weather/date=2025-12-15/station=oulu/data.parquet
2025-12-15 rovaniemi: 288 rows -> /home/maya/github/Finnish-energy-pipeline/data/staging/fmi/weather/date=2025-12-15/station=rovaniemi/data.parquet
2025-12-15 tampere: 288 rows -> /home/maya/github/Finnish-energy-pipeline/data/staging/fmi/weather/date=2025-12-15/station=tampere/data.parquet
2025-12-15 turku: 288 rows -> /home/maya/github/Finnish-energy-pipeline/data/staging/fmi/weather/date=2025-12-15/station=turku/data.parquet
2025-12-15 vaasa: 288 rows -> /home/maya/github/Finnish-energy-pipeline/data/staging/fmi/weather/date=2025-12-15/station=vaasa/data.parquet
2025-12-16 helsinki: 288 rows -> /home/maya/github/Finnish-energy-pipeline/data/staging/fmi/weather/date=2025-12-16/station=helsinki/data.parquet
2025-12-16 oulu: 288 rows -> /home/maya/github/Finnish-energy-pipeline/data/staging/fmi/weather/date=2025-12-16/station=oulu/data.parquet
2025-12-16 rovaniemi: 288 rows -> /home/maya/github/Finnish-energy-pipeline/data/staging/fmi/weather/date=2025-12-16/station=rovaniemi/data.parquet
2025-12-16 tampere: 288 rows -> /home/maya/github/Finnish-energy-pipeline/data/staging/fmi/weather/date=2025-12-16/station=tampere/data.parquet
2025-12-16 turku: 288 rows -> /home/maya/github/Finnish-energy-pipeline/data/staging/fmi/weather/date=2025-12-16/station=turku/data.parquet
2025-12-16 vaasa: 288 rows -> /home/maya/github/Finnish-energy-pipeline/data/staging/fmi/weather/date=2025-12-16/station=vaasa/data.parquet
2025-12-17 helsinki: 288 rows -> /home/maya/github/Finnish-energy-pipeline/data/staging/fmi/weather/date=2025-12-17/station=helsinki/data.parquet
2025-12-17 oulu: 288 rows -> /home/maya/github/Finnish-energy-pipeline/data/staging/fmi/weather/date=2025-12-17/station=oulu/data.parquet
2025-12-17 rovaniemi: 288 rows -> /home/maya/github/Finnish-energy-pipeline/data/staging/fmi/weather/date=2025-12-17/station=rovaniemi/data.parquet
2025-12-17 tampere: 288 rows -> /home/maya/github/Finnish-energy-pipeline/data/staging/fmi/weather/date=2025-12-17/station=tampere/data.parquet
2025-12-17 turku: 288 rows -> /home/maya/github/Finnish-energy-pipeline/data/staging/fmi/weather/date=2025-12-17/station=turku/data.parquet
2025-12-17 vaasa: 288 rows -> /home/maya/github/Finnish-energy-pipeline/data/staging/fmi/weather/date=2025-12-17/station=vaasa/data.parquet
2025-12-18 helsinki: 288 rows -> /home/maya/github/Finnish-energy-pipeline/data/staging/fmi/weather/date=2025-12-18/station=helsinki/data.parquet
2025-12-18 oulu: 288 rows -> /home/maya/github/Finnish-energy-pipeline/data/staging/fmi/weather/date=2025-12-18/station=oulu/data.parquet
2025-12-18 rovaniemi: 288 rows -> /home/maya/github/Finnish-energy-pipeline/data/staging/fmi/weather/date=2025-12-18/station=rovaniemi/data.parquet
2025-12-18 tampere: 288 rows -> /home/maya/github/Finnish-energy-pipeline/data/staging/fmi/weather/date=2025-12-18/station=tampere/data.parquet
2025-12-18 turku: 288 rows -> /home/maya/github/Finnish-energy-pipeline/data/staging/fmi/weather/date=2025-12-18/station=turku/data.parquet
2025-12-18 vaasa: 288 rows -> /home/maya/github/Finnish-energy-pipeline/data/staging/fmi/weather/date=2025-12-18/station=vaasa/data.parquet
2025-12-19 helsinki: 288 rows -> /home/maya/github/Finnish-energy-pipeline/data/staging/fmi/weather/date=2025-12-19/station=helsinki/data.parquet
2025-12-19 oulu: 288 rows -> /home/maya/github/Finnish-energy-pipeline/data/staging/fmi/weather/date=2025-12-19/station=oulu/data.parquet
2025-12-19 rovaniemi: 288 rows -> /home/maya/github/Finnish-energy-pipeline/data/staging/fmi/weather/date=2025-12-19/station=rovaniemi/data.parquet
2025-12-19 tampere: 288 rows -> /home/maya/github/Finnish-energy-pipeline/data/staging/fmi/weather/date=2025-12-19/station=tampere/data.parquet
2025-12-19 turku: 288 rows -> /home/maya/github/Finnish-energy-pipeline/data/staging/fmi/weather/date=2025-12-19/station=turku/data.parquet
2025-12-19 vaasa: 288 rows -> /home/maya/github/Finnish-energy-pipeline/data/staging/fmi/weather/date=2025-12-19/station=vaasa/data.parquet
2025-12-20 helsinki: 288 rows -> /home/maya/github/Finnish-energy-pipeline/data/staging/fmi/weather/date=2025-12-20/station=helsinki/data.parquet
2025-12-20 oulu: 288 rows -> /home/maya/github/Finnish-energy-pipeline/data/staging/fmi/weather/date=2025-12-20/station=oulu/data.parquet
2025-12-20 rovaniemi: 288 rows -> /home/maya/github/Finnish-energy-pipeline/data/staging/fmi/weather/date=2025-12-20/station=rovaniemi/data.parquet
2025-12-20 tampere: 288 rows -> /home/maya/github/Finnish-energy-pipeline/data/staging/fmi/weather/date=2025-12-20/station=tampere/data.parquet
2025-12-20 turku: 288 rows -> /home/maya/github/Finnish-energy-pipeline/data/staging/fmi/weather/date=2025-12-20/station=turku/data.parquet
2025-12-20 vaasa: 288 rows -> /home/maya/github/Finnish-energy-pipeline/data/staging/fmi/weather/date=2025-12-20/station=vaasa/data.parquet
2025-12-21 helsinki: 288 rows -> /home/maya/github/Finnish-energy-pipeline/data/staging/fmi/weather/date=2025-12-21/station=helsinki/data.parquet
2025-12-21 oulu: 288 rows -> /home/maya/github/Finnish-energy-pipeline/data/staging/fmi/weather/date=2025-12-21/station=oulu/data.parquet
2025-12-21 rovaniemi: 288 rows -> /home/maya/github/Finnish-energy-pipeline/data/staging/fmi/weather/date=2025-12-21/station=rovaniemi/data.parquet
2025-12-21 tampere: 288 rows -> /home/maya/github/Finnish-energy-pipeline/data/staging/fmi/weather/date=2025-12-21/station=tampere/data.parquet
2025-12-21 turku: 288 rows -> /home/maya/github/Finnish-energy-pipeline/data/staging/fmi/weather/date=2025-12-21/station=turku/data.parquet
2025-12-21 vaasa: 288 rows -> /home/maya/github/Finnish-energy-pipeline/data/staging/fmi/weather/date=2025-12-21/station=vaasa/data.parquet
2025-12-22 helsinki: 288 rows -> /home/maya/github/Finnish-energy-pipeline/data/staging/fmi/weather/date=2025-12-22/station=helsinki/data.parquet
2025-12-22 oulu: 288 rows -> /home/maya/github/Finnish-energy-pipeline/data/staging/fmi/weather/date=2025-12-22/station=oulu/data.parquet
2025-12-22 rovaniemi: 288 rows -> /home/maya/github/Finnish-energy-pipeline/data/staging/fmi/weather/date=2025-12-22/station=rovaniemi/data.parquet
2025-12-22 tampere: 288 rows -> /home/maya/github/Finnish-energy-pipeline/data/staging/fmi/weather/date=2025-12-22/station=tampere/data.parquet
2025-12-22 turku: 288 rows -> /home/maya/github/Finnish-energy-pipeline/data/staging/fmi/weather/date=2025-12-22/station=turku/data.parquet
2025-12-22 vaasa: 288 rows -> /home/maya/github/Finnish-energy-pipeline/data/staging/fmi/weather/date=2025-12-22/station=vaasa/data.parquet
2025-12-23 helsinki: 288 rows -> /home/maya/github/Finnish-energy-pipeline/data/staging/fmi/weather/date=2025-12-23/station=helsinki/data.parquet
2025-12-23 oulu: 288 rows -> /home/maya/github/Finnish-energy-pipeline/data/staging/fmi/weather/date=2025-12-23/station=oulu/data.parquet
2025-12-23 rovaniemi: 288 rows -> /home/maya/github/Finnish-energy-pipeline/data/staging/fmi/weather/date=2025-12-23/station=rovaniemi/data.parquet
2025-12-23 tampere: 288 rows -> /home/maya/github/Finnish-energy-pipeline/data/staging/fmi/weather/date=2025-12-23/station=tampere/data.parquet
2025-12-23 turku: 288 rows -> /home/maya/github/Finnish-energy-pipeline/data/staging/fmi/weather/date=2025-12-23/station=turku/data.parquet
2025-12-23 vaasa: 288 rows -> /home/maya/github/Finnish-energy-pipeline/data/staging/fmi/weather/date=2025-12-23/station=vaasa/data.parquet
2025-12-24 helsinki: 288 rows -> /home/maya/github/Finnish-energy-pipeline/data/staging/fmi/weather/date=2025-12-24/station=helsinki/data.parquet
2025-12-24 oulu: 288 rows -> /home/maya/github/Finnish-energy-pipeline/data/staging/fmi/weather/date=2025-12-24/station=oulu/data.parquet
2025-12-24 rovaniemi: 288 rows -> /home/maya/github/Finnish-energy-pipeline/data/staging/fmi/weather/date=2025-12-24/station=rovaniemi/data.parquet
2025-12-24 tampere: 288 rows -> /home/maya/github/Finnish-energy-pipeline/data/staging/fmi/weather/date=2025-12-24/station=tampere/data.parquet
2025-12-24 turku: 288 rows -> /home/maya/github/Finnish-energy-pipeline/data/staging/fmi/weather/date=2025-12-24/station=turku/data.parquet
2025-12-24 vaasa: 288 rows -> /home/maya/github/Finnish-energy-pipeline/data/staging/fmi/weather/date=2025-12-24/station=vaasa/data.parquet
2025-12-25 helsinki: 288 rows -> /home/maya/github/Finnish-energy-pipeline/data/staging/fmi/weather/date=2025-12-25/station=helsinki/data.parquet
2025-12-25 oulu: 288 rows -> /home/maya/github/Finnish-energy-pipeline/data/staging/fmi/weather/date=2025-12-25/station=oulu/data.parquet
2025-12-25 rovaniemi: 288 rows -> /home/maya/github/Finnish-energy-pipeline/data/staging/fmi/weather/date=2025-12-25/station=rovaniemi/data.parquet
2025-12-25 tampere: 288 rows -> /home/maya/github/Finnish-energy-pipeline/data/staging/fmi/weather/date=2025-12-25/station=tampere/data.parquet
2025-12-25 turku: 288 rows -> /home/maya/github/Finnish-energy-pipeline/data/staging/fmi/weather/date=2025-12-25/station=turku/data.parquet
2025-12-25 vaasa: 288 rows -> /home/maya/github/Finnish-energy-pipeline/data/staging/fmi/weather/date=2025-12-25/station=vaasa/data.parquet
2025-12-26 helsinki: 288 rows -> /home/maya/github/Finnish-energy-pipeline/data/staging/fmi/weather/date=2025-12-26/station=helsinki/data.parquet
2025-12-26 oulu: 288 rows -> /home/maya/github/Finnish-energy-pipeline/data/staging/fmi/weather/date=2025-12-26/station=oulu/data.parquet
2025-12-26 rovaniemi: 288 rows -> /home/maya/github/Finnish-energy-pipeline/data/staging/fmi/weather/date=2025-12-26/station=rovaniemi/data.parquet
2025-12-26 tampere: 288 rows -> /home/maya/github/Finnish-energy-pipeline/data/staging/fmi/weather/date=2025-12-26/station=tampere/data.parquet
2025-12-26 turku: 288 rows -> /home/maya/github/Finnish-energy-pipeline/data/staging/fmi/weather/date=2025-12-26/station=turku/data.parquet
2025-12-26 vaasa: 288 rows -> /home/maya/github/Finnish-energy-pipeline/data/staging/fmi/weather/date=2025-12-26/station=vaasa/data.parquet
2025-12-27 helsinki: 288 rows -> /home/maya/github/Finnish-energy-pipeline/data/staging/fmi/weather/date=2025-12-27/station=helsinki/data.parquet
2025-12-27 oulu: 288 rows -> /home/maya/github/Finnish-energy-pipeline/data/staging/fmi/weather/date=2025-12-27/station=oulu/data.parquet
2025-12-27 rovaniemi: 288 rows -> /home/maya/github/Finnish-energy-pipeline/data/staging/fmi/weather/date=2025-12-27/station=rovaniemi/data.parquet
2025-12-27 tampere: 288 rows -> /home/maya/github/Finnish-energy-pipeline/data/staging/fmi/weather/date=2025-12-27/station=tampere/data.parquet
2025-12-27 turku: 288 rows -> /home/maya/github/Finnish-energy-pipeline/data/staging/fmi/weather/date=2025-12-27/station=turku/data.parquet
2025-12-27 vaasa: 288 rows -> /home/maya/github/Finnish-energy-pipeline/data/staging/fmi/weather/date=2025-12-27/station=vaasa/data.parquet
2025-12-28 helsinki: 288 rows -> /home/maya/github/Finnish-energy-pipeline/data/staging/fmi/weather/date=2025-12-28/station=helsinki/data.parquet
2025-12-28 oulu: 288 rows -> /home/maya/github/Finnish-energy-pipeline/data/staging/fmi/weather/date=2025-12-28/station=oulu/data.parquet
2025-12-28 rovaniemi: 288 rows -> /home/maya/github/Finnish-energy-pipeline/data/staging/fmi/weather/date=2025-12-28/station=rovaniemi/data.parquet
2025-12-28 tampere: 288 rows -> /home/maya/github/Finnish-energy-pipeline/data/staging/fmi/weather/date=2025-12-28/station=tampere/data.parquet
2025-12-28 turku: 288 rows -> /home/maya/github/Finnish-energy-pipeline/data/staging/fmi/weather/date=2025-12-28/station=turku/data.parquet
2025-12-28 vaasa: 288 rows -> /home/maya/github/Finnish-energy-pipeline/data/staging/fmi/weather/date=2025-12-28/station=vaasa/data.parquet
2025-12-29 helsinki: 288 rows -> /home/maya/github/Finnish-energy-pipeline/data/staging/fmi/weather/date=2025-12-29/station=helsinki/data.parquet
2025-12-29 oulu: 288 rows -> /home/maya/github/Finnish-energy-pipeline/data/staging/fmi/weather/date=2025-12-29/station=oulu/data.parquet
2025-12-29 rovaniemi: 288 rows -> /home/maya/github/Finnish-energy-pipeline/data/staging/fmi/weather/date=2025-12-29/station=rovaniemi/data.parquet
2025-12-29 tampere: 288 rows -> /home/maya/github/Finnish-energy-pipeline/data/staging/fmi/weather/date=2025-12-29/station=tampere/data.parquet
2025-12-29 turku: 288 rows -> /home/maya/github/Finnish-energy-pipeline/data/staging/fmi/weather/date=2025-12-29/station=turku/data.parquet
2025-12-29 vaasa: 288 rows -> /home/maya/github/Finnish-energy-pipeline/data/staging/fmi/weather/date=2025-12-29/station=vaasa/data.parquet
2025-12-30 helsinki: 288 rows -> /home/maya/github/Finnish-energy-pipeline/data/staging/fmi/weather/date=2025-12-30/station=helsinki/data.parquet
2025-12-30 oulu: 288 rows -> /home/maya/github/Finnish-energy-pipeline/data/staging/fmi/weather/date=2025-12-30/station=oulu/data.parquet
2025-12-30 rovaniemi: 288 rows -> /home/maya/github/Finnish-energy-pipeline/data/staging/fmi/weather/date=2025-12-30/station=rovaniemi/data.parquet
2025-12-30 tampere: 288 rows -> /home/maya/github/Finnish-energy-pipeline/data/staging/fmi/weather/date=2025-12-30/station=tampere/data.parquet
2025-12-30 turku: 288 rows -> /home/maya/github/Finnish-energy-pipeline/data/staging/fmi/weather/date=2025-12-30/station=turku/data.parquet
2025-12-30 vaasa: 288 rows -> /home/maya/github/Finnish-energy-pipeline/data/staging/fmi/weather/date=2025-12-30/station=vaasa/data.parquet
2025-12-31 helsinki: 288 rows -> /home/maya/github/Finnish-energy-pipeline/data/staging/fmi/weather/date=2025-12-31/station=helsinki/data.parquet
2025-12-31 oulu: 288 rows -> /home/maya/github/Finnish-energy-pipeline/data/staging/fmi/weather/date=2025-12-31/station=oulu/data.parquet
2025-12-31 rovaniemi: 288 rows -> /home/maya/github/Finnish-energy-pipeline/data/staging/fmi/weather/date=2025-12-31/station=rovaniemi/data.parquet
2025-12-31 tampere: 288 rows -> /home/maya/github/Finnish-energy-pipeline/data/staging/fmi/weather/date=2025-12-31/station=tampere/data.parquet
2025-12-31 turku: 288 rows -> /home/maya/github/Finnish-energy-pipeline/data/staging/fmi/weather/date=2025-12-31/station=turku/data.parquet
2025-12-31 vaasa: 288 rows -> /home/maya/github/Finnish-energy-pipeline/data/staging/fmi/weather/date=2025-12-31/station=vaasa/data.parquet
2026-01-01 helsinki: 288 rows -> /home/maya/github/Finnish-energy-pipeline/data/staging/fmi/weather/date=2026-01-01/station=helsinki/data.parquet
2026-01-01 oulu: 288 rows -> /home/maya/github/Finnish-energy-pipeline/data/staging/fmi/weather/date=2026-01-01/station=oulu/data.parquet
2026-01-01 rovaniemi: 288 rows -> /home/maya/github/Finnish-energy-pipeline/data/staging/fmi/weather/date=2026-01-01/station=rovaniemi/data.parquet
2026-01-01 tampere: 288 rows -> /home/maya/github/Finnish-energy-pipeline/data/staging/fmi/weather/date=2026-01-01/station=tampere/data.parquet
2026-01-01 turku: 288 rows -> /home/maya/github/Finnish-energy-pipeline/data/staging/fmi/weather/date=2026-01-01/station=turku/data.parquet
2026-01-01 vaasa: 288 rows -> /home/maya/github/Finnish-energy-pipeline/data/staging/fmi/weather/date=2026-01-01/station=vaasa/data.parquet
2026-01-02 helsinki: 288 rows -> /home/maya/github/Finnish-energy-pipeline/data/staging/fmi/weather/date=2026-01-02/station=helsinki/data.parquet
2026-01-02 oulu: 288 rows -> /home/maya/github/Finnish-energy-pipeline/data/staging/fmi/weather/date=2026-01-02/station=oulu/data.parquet
2026-01-02 rovaniemi: 288 rows -> /home/maya/github/Finnish-energy-pipeline/data/staging/fmi/weather/date=2026-01-02/station=rovaniemi/data.parquet
2026-01-02 tampere: 288 rows -> /home/maya/github/Finnish-energy-pipeline/data/staging/fmi/weather/date=2026-01-02/station=tampere/data.parquet
2026-01-02 turku: 288 rows -> /home/maya/github/Finnish-energy-pipeline/data/staging/fmi/weather/date=2026-01-02/station=turku/data.parquet
2026-01-02 vaasa: 288 rows -> /home/maya/github/Finnish-energy-pipeline/data/staging/fmi/weather/date=2026-01-02/station=vaasa/data.parquet
2026-01-03 helsinki: 288 rows -> /home/maya/github/Finnish-energy-pipeline/data/staging/fmi/weather/date=2026-01-03/station=helsinki/data.parquet
2026-01-03 oulu: 288 rows -> /home/maya/github/Finnish-energy-pipeline/data/staging/fmi/weather/date=2026-01-03/station=oulu/data.parquet
2026-01-03 rovaniemi: 288 rows -> /home/maya/github/Finnish-energy-pipeline/data/staging/fmi/weather/date=2026-01-03/station=rovaniemi/data.parquet
2026-01-03 tampere: 288 rows -> /home/maya/github/Finnish-energy-pipeline/data/staging/fmi/weather/date=2026-01-03/station=tampere/data.parquet
2026-01-03 turku: 288 rows -> /home/maya/github/Finnish-energy-pipeline/data/staging/fmi/weather/date=2026-01-03/station=turku/data.parquet
2026-01-03 vaasa: 288 rows -> /home/maya/github/Finnish-energy-pipeline/data/staging/fmi/weather/date=2026-01-03/station=vaasa/data.parquet
2026-01-04 helsinki: 288 rows -> /home/maya/github/Finnish-energy-pipeline/data/staging/fmi/weather/date=2026-01-04/station=helsinki/data.parquet
2026-01-04 oulu: 288 rows -> /home/maya/github/Finnish-energy-pipeline/data/staging/fmi/weather/date=2026-01-04/station=oulu/data.parquet
2026-01-04 rovaniemi: 288 rows -> /home/maya/github/Finnish-energy-pipeline/data/staging/fmi/weather/date=2026-01-04/station=rovaniemi/data.parquet
2026-01-04 tampere: 288 rows -> /home/maya/github/Finnish-energy-pipeline/data/staging/fmi/weather/date=2026-01-04/station=tampere/data.parquet
2026-01-04 turku: 288 rows -> /home/maya/github/Finnish-energy-pipeline/data/staging/fmi/weather/date=2026-01-04/station=turku/data.parquet
2026-01-04 vaasa: 288 rows -> /home/maya/github/Finnish-energy-pipeline/data/staging/fmi/weather/date=2026-01-04/station=vaasa/data.parquet
2026-01-05 helsinki: 288 rows -> /home/maya/github/Finnish-energy-pipeline/data/staging/fmi/weather/date=2026-01-05/station=helsinki/data.parquet
2026-01-05 oulu: 288 rows -> /home/maya/github/Finnish-energy-pipeline/data/staging/fmi/weather/date=2026-01-05/station=oulu/data.parquet
2026-01-05 rovaniemi: 288 rows -> /home/maya/github/Finnish-energy-pipeline/data/staging/fmi/weather/date=2026-01-05/station=rovaniemi/data.parquet
2026-01-05 tampere: 288 rows -> /home/maya/github/Finnish-energy-pipeline/data/staging/fmi/weather/date=2026-01-05/station=tampere/data.parquet
2026-01-05 turku: 288 rows -> /home/maya/github/Finnish-energy-pipeline/data/staging/fmi/weather/date=2026-01-05/station=turku/data.parquet
2026-01-05 vaasa: 288 rows -> /home/maya/github/Finnish-energy-pipeline/data/staging/fmi/weather/date=2026-01-05/station=vaasa/data.parquet
2026-01-06 helsinki: 288 rows -> /home/maya/github/Finnish-energy-pipeline/data/staging/fmi/weather/date=2026-01-06/station=helsinki/data.parquet
2026-01-06 oulu: 288 rows -> /home/maya/github/Finnish-energy-pipeline/data/staging/fmi/weather/date=2026-01-06/station=oulu/data.parquet
2026-01-06 rovaniemi: 288 rows -> /home/maya/github/Finnish-energy-pipeline/data/staging/fmi/weather/date=2026-01-06/station=rovaniemi/data.parquet
2026-01-06 tampere: 288 rows -> /home/maya/github/Finnish-energy-pipeline/data/staging/fmi/weather/date=2026-01-06/station=tampere/data.parquet
2026-01-06 turku: 288 rows -> /home/maya/github/Finnish-energy-pipeline/data/staging/fmi/weather/date=2026-01-06/station=turku/data.parquet
2026-01-06 vaasa: 288 rows -> /home/maya/github/Finnish-energy-pipeline/data/staging/fmi/weather/date=2026-01-06/station=vaasa/data.parquet
2026-01-07 helsinki: 288 rows -> /home/maya/github/Finnish-energy-pipeline/data/staging/fmi/weather/date=2026-01-07/station=helsinki/data.parquet
2026-01-07 oulu: 288 rows -> /home/maya/github/Finnish-energy-pipeline/data/staging/fmi/weather/date=2026-01-07/station=oulu/data.parquet
2026-01-07 rovaniemi: 288 rows -> /home/maya/github/Finnish-energy-pipeline/data/staging/fmi/weather/date=2026-01-07/station=rovaniemi/data.parquet
2026-01-07 tampere: 288 rows -> /home/maya/github/Finnish-energy-pipeline/data/staging/fmi/weather/date=2026-01-07/station=tampere/data.parquet
2026-01-07 turku: 288 rows -> /home/maya/github/Finnish-energy-pipeline/data/staging/fmi/weather/date=2026-01-07/station=turku/data.parquet
2026-01-07 vaasa: 288 rows -> /home/maya/github/Finnish-energy-pipeline/data/staging/fmi/weather/date=2026-01-07/station=vaasa/data.parquet
2026-01-08 helsinki: 288 rows -> /home/maya/github/Finnish-energy-pipeline/data/staging/fmi/weather/date=2026-01-08/station=helsinki/data.parquet
2026-01-08 oulu: 288 rows -> /home/maya/github/Finnish-energy-pipeline/data/staging/fmi/weather/date=2026-01-08/station=oulu/data.parquet
2026-01-08 rovaniemi: 288 rows -> /home/maya/github/Finnish-energy-pipeline/data/staging/fmi/weather/date=2026-01-08/station=rovaniemi/data.parquet
2026-01-08 tampere: 288 rows -> /home/maya/github/Finnish-energy-pipeline/data/staging/fmi/weather/date=2026-01-08/station=tampere/data.parquet
2026-01-08 turku: 288 rows -> /home/maya/github/Finnish-energy-pipeline/data/staging/fmi/weather/date=2026-01-08/station=turku/data.parquet
2026-01-08 vaasa: 288 rows -> /home/maya/github/Finnish-energy-pipeline/data/staging/fmi/weather/date=2026-01-08/station=vaasa/data.parquet
2026-01-09 helsinki: 288 rows -> /home/maya/github/Finnish-energy-pipeline/data/staging/fmi/weather/date=2026-01-09/station=helsinki/data.parquet
2026-01-09 oulu: 288 rows -> /home/maya/github/Finnish-energy-pipeline/data/staging/fmi/weather/date=2026-01-09/station=oulu/data.parquet
2026-01-09 rovaniemi: 288 rows -> /home/maya/github/Finnish-energy-pipeline/data/staging/fmi/weather/date=2026-01-09/station=rovaniemi/data.parquet
2026-01-09 tampere: 288 rows -> /home/maya/github/Finnish-energy-pipeline/data/staging/fmi/weather/date=2026-01-09/station=tampere/data.parquet
2026-01-09 turku: 288 rows -> /home/maya/github/Finnish-energy-pipeline/data/staging/fmi/weather/date=2026-01-09/station=turku/data.parquet
2026-01-09 vaasa: 288 rows -> /home/maya/github/Finnish-energy-pipeline/data/staging/fmi/weather/date=2026-01-09/station=vaasa/data.parquet
2026-01-10 helsinki: 288 rows -> /home/maya/github/Finnish-energy-pipeline/data/staging/fmi/weather/date=2026-01-10/station=helsinki/data.parquet
2026-01-10 oulu: 288 rows -> /home/maya/github/Finnish-energy-pipeline/data/staging/fmi/weather/date=2026-01-10/station=oulu/data.parquet
2026-01-10 rovaniemi: 288 rows -> /home/maya/github/Finnish-energy-pipeline/data/staging/fmi/weather/date=2026-01-10/station=rovaniemi/data.parquet
2026-01-10 tampere: 288 rows -> /home/maya/github/Finnish-energy-pipeline/data/staging/fmi/weather/date=2026-01-10/station=tampere/data.parquet
2026-01-10 turku: 288 rows -> /home/maya/github/Finnish-energy-pipeline/data/staging/fmi/weather/date=2026-01-10/station=turku/data.parquet
2026-01-10 vaasa: 288 rows -> /home/maya/github/Finnish-energy-pipeline/data/staging/fmi/weather/date=2026-01-10/station=vaasa/data.parquet
2026-01-11 helsinki: 288 rows -> /home/maya/github/Finnish-energy-pipeline/data/staging/fmi/weather/date=2026-01-11/station=helsinki/data.parquet
2026-01-11 oulu: 288 rows -> /home/maya/github/Finnish-energy-pipeline/data/staging/fmi/weather/date=2026-01-11/station=oulu/data.parquet
2026-01-11 rovaniemi: 288 rows -> /home/maya/github/Finnish-energy-pipeline/data/staging/fmi/weather/date=2026-01-11/station=rovaniemi/data.parquet
2026-01-11 tampere: 288 rows -> /home/maya/github/Finnish-energy-pipeline/data/staging/fmi/weather/date=2026-01-11/station=tampere/data.parquet
2026-01-11 turku: 288 rows -> /home/maya/github/Finnish-energy-pipeline/data/staging/fmi/weather/date=2026-01-11/station=turku/data.parquet
2026-01-11 vaasa: 288 rows -> /home/maya/github/Finnish-energy-pipeline/data/staging/fmi/weather/date=2026-01-11/station=vaasa/data.parquet
2026-01-12 helsinki: 288 rows -> /home/maya/github/Finnish-energy-pipeline/data/staging/fmi/weather/date=2026-01-12/station=helsinki/data.parquet
2026-01-12 oulu: 288 rows -> /home/maya/github/Finnish-energy-pipeline/data/staging/fmi/weather/date=2026-01-12/station=oulu/data.parquet
2026-01-12 rovaniemi: 288 rows -> /home/maya/github/Finnish-energy-pipeline/data/staging/fmi/weather/date=2026-01-12/station=rovaniemi/data.parquet
2026-01-12 tampere: 288 rows -> /home/maya/github/Finnish-energy-pipeline/data/staging/fmi/weather/date=2026-01-12/station=tampere/data.parquet
2026-01-12 turku: 288 rows -> /home/maya/github/Finnish-energy-pipeline/data/staging/fmi/weather/date=2026-01-12/station=turku/data.parquet
2026-01-12 vaasa: 288 rows -> /home/maya/github/Finnish-energy-pipeline/data/staging/fmi/weather/date=2026-01-12/station=vaasa/data.parquet
2026-01-13 helsinki: 288 rows -> /home/maya/github/Finnish-energy-pipeline/data/staging/fmi/weather/date=2026-01-13/station=helsinki/data.parquet
2026-01-13 oulu: 288 rows -> /home/maya/github/Finnish-energy-pipeline/data/staging/fmi/weather/date=2026-01-13/station=oulu/data.parquet
2026-01-13 rovaniemi: 288 rows -> /home/maya/github/Finnish-energy-pipeline/data/staging/fmi/weather/date=2026-01-13/station=rovaniemi/data.parquet
2026-01-13 tampere: 288 rows -> /home/maya/github/Finnish-energy-pipeline/data/staging/fmi/weather/date=2026-01-13/station=tampere/data.parquet
2026-01-13 turku: 288 rows -> /home/maya/github/Finnish-energy-pipeline/data/staging/fmi/weather/date=2026-01-13/station=turku/data.parquet
2026-01-13 vaasa: 288 rows -> /home/maya/github/Finnish-energy-pipeline/data/staging/fmi/weather/date=2026-01-13/station=vaasa/data.parquet
2026-01-14 helsinki: 288 rows -> /home/maya/github/Finnish-energy-pipeline/data/staging/fmi/weather/date=2026-01-14/station=helsinki/data.parquet
2026-01-14 oulu: 288 rows -> /home/maya/github/Finnish-energy-pipeline/data/staging/fmi/weather/date=2026-01-14/station=oulu/data.parquet
2026-01-14 rovaniemi: 288 rows -> /home/maya/github/Finnish-energy-pipeline/data/staging/fmi/weather/date=2026-01-14/station=rovaniemi/data.parquet
2026-01-14 tampere: 288 rows -> /home/maya/github/Finnish-energy-pipeline/data/staging/fmi/weather/date=2026-01-14/station=tampere/data.parquet
2026-01-14 turku: 288 rows -> /home/maya/github/Finnish-energy-pipeline/data/staging/fmi/weather/date=2026-01-14/station=turku/data.parquet
2026-01-14 vaasa: 288 rows -> /home/maya/github/Finnish-energy-pipeline/data/staging/fmi/weather/date=2026-01-14/station=vaasa/data.parquet
2026-01-15 helsinki: 288 rows -> /home/maya/github/Finnish-energy-pipeline/data/staging/fmi/weather/date=2026-01-15/station=helsinki/data.parquet
2026-01-15 oulu: 288 rows -> /home/maya/github/Finnish-energy-pipeline/data/staging/fmi/weather/date=2026-01-15/station=oulu/data.parquet
2026-01-15 rovaniemi: 288 rows -> /home/maya/github/Finnish-energy-pipeline/data/staging/fmi/weather/date=2026-01-15/station=rovaniemi/data.parquet
2026-01-15 tampere: 288 rows -> /home/maya/github/Finnish-energy-pipeline/data/staging/fmi/weather/date=2026-01-15/station=tampere/data.parquet
2026-01-15 turku: 288 rows -> /home/maya/github/Finnish-energy-pipeline/data/staging/fmi/weather/date=2026-01-15/station=turku/data.parquet
2026-01-15 vaasa: 288 rows -> /home/maya/github/Finnish-energy-pipeline/data/staging/fmi/weather/date=2026-01-15/station=vaasa/data.parquet
2026-01-16 helsinki: 288 rows -> /home/maya/github/Finnish-energy-pipeline/data/staging/fmi/weather/date=2026-01-16/station=helsinki/data.parquet
2026-01-16 oulu: 288 rows -> /home/maya/github/Finnish-energy-pipeline/data/staging/fmi/weather/date=2026-01-16/station=oulu/data.parquet
2026-01-16 rovaniemi: 288 rows -> /home/maya/github/Finnish-energy-pipeline/data/staging/fmi/weather/date=2026-01-16/station=rovaniemi/data.parquet
2026-01-16 tampere: 288 rows -> /home/maya/github/Finnish-energy-pipeline/data/staging/fmi/weather/date=2026-01-16/station=tampere/data.parquet
2026-01-16 turku: 288 rows -> /home/maya/github/Finnish-energy-pipeline/data/staging/fmi/weather/date=2026-01-16/station=turku/data.parquet
2026-01-16 vaasa: 288 rows -> /home/maya/github/Finnish-energy-pipeline/data/staging/fmi/weather/date=2026-01-16/station=vaasa/data.parquet
2026-01-17 helsinki: 288 rows -> /home/maya/github/Finnish-energy-pipeline/data/staging/fmi/weather/date=2026-01-17/station=helsinki/data.parquet
2026-01-17 oulu: 288 rows -> /home/maya/github/Finnish-energy-pipeline/data/staging/fmi/weather/date=2026-01-17/station=oulu/data.parquet
2026-01-17 rovaniemi: 288 rows -> /home/maya/github/Finnish-energy-pipeline/data/staging/fmi/weather/date=2026-01-17/station=rovaniemi/data.parquet
2026-01-17 tampere: 288 rows -> /home/maya/github/Finnish-energy-pipeline/data/staging/fmi/weather/date=2026-01-17/station=tampere/data.parquet
2026-01-17 turku: 288 rows -> /home/maya/github/Finnish-energy-pipeline/data/staging/fmi/weather/date=2026-01-17/station=turku/data.parquet
2026-01-17 vaasa: 288 rows -> /home/maya/github/Finnish-energy-pipeline/data/staging/fmi/weather/date=2026-01-17/station=vaasa/data.parquet
2026-01-18 helsinki: 288 rows -> /home/maya/github/Finnish-energy-pipeline/data/staging/fmi/weather/date=2026-01-18/station=helsinki/data.parquet
2026-01-18 oulu: 288 rows -> /home/maya/github/Finnish-energy-pipeline/data/staging/fmi/weather/date=2026-01-18/station=oulu/data.parquet
2026-01-18 rovaniemi: 288 rows -> /home/maya/github/Finnish-energy-pipeline/data/staging/fmi/weather/date=2026-01-18/station=rovaniemi/data.parquet
2026-01-18 tampere: 288 rows -> /home/maya/github/Finnish-energy-pipeline/data/staging/fmi/weather/date=2026-01-18/station=tampere/data.parquet
2026-01-18 turku: 288 rows -> /home/maya/github/Finnish-energy-pipeline/data/staging/fmi/weather/date=2026-01-18/station=turku/data.parquet
2026-01-18 vaasa: 288 rows -> /home/maya/github/Finnish-energy-pipeline/data/staging/fmi/weather/date=2026-01-18/station=vaasa/data.parquet
2026-01-19 helsinki: 288 rows -> /home/maya/github/Finnish-energy-pipeline/data/staging/fmi/weather/date=2026-01-19/station=helsinki/data.parquet
2026-01-19 oulu: 288 rows -> /home/maya/github/Finnish-energy-pipeline/data/staging/fmi/weather/date=2026-01-19/station=oulu/data.parquet
2026-01-19 rovaniemi: 288 rows -> /home/maya/github/Finnish-energy-pipeline/data/staging/fmi/weather/date=2026-01-19/station=rovaniemi/data.parquet
2026-01-19 tampere: 288 rows -> /home/maya/github/Finnish-energy-pipeline/data/staging/fmi/weather/date=2026-01-19/station=tampere/data.parquet
2026-01-19 turku: 288 rows -> /home/maya/github/Finnish-energy-pipeline/data/staging/fmi/weather/date=2026-01-19/station=turku/data.parquet
2026-01-19 vaasa: 288 rows -> /home/maya/github/Finnish-energy-pipeline/data/staging/fmi/weather/date=2026-01-19/station=vaasa/data.parquet
2026-01-20 helsinki: 288 rows -> /home/maya/github/Finnish-energy-pipeline/data/staging/fmi/weather/date=2026-01-20/station=helsinki/data.parquet
2026-01-20 oulu: 288 rows -> /home/maya/github/Finnish-energy-pipeline/data/staging/fmi/weather/date=2026-01-20/station=oulu/data.parquet
2026-01-20 rovaniemi: 288 rows -> /home/maya/github/Finnish-energy-pipeline/data/staging/fmi/weather/date=2026-01-20/station=rovaniemi/data.parquet
2026-01-20 tampere: 288 rows -> /home/maya/github/Finnish-energy-pipeline/data/staging/fmi/weather/date=2026-01-20/station=tampere/data.parquet
2026-01-20 turku: 288 rows -> /home/maya/github/Finnish-energy-pipeline/data/staging/fmi/weather/date=2026-01-20/station=turku/data.parquet
2026-01-20 vaasa: 288 rows -> /home/maya/github/Finnish-energy-pipeline/data/staging/fmi/weather/date=2026-01-20/station=vaasa/data.parquet
2026-01-21 helsinki: 288 rows -> /home/maya/github/Finnish-energy-pipeline/data/staging/fmi/weather/date=2026-01-21/station=helsinki/data.parquet
2026-01-21 oulu: 288 rows -> /home/maya/github/Finnish-energy-pipeline/data/staging/fmi/weather/date=2026-01-21/station=oulu/data.parquet
2026-01-21 rovaniemi: 288 rows -> /home/maya/github/Finnish-energy-pipeline/data/staging/fmi/weather/date=2026-01-21/station=rovaniemi/data.parquet
2026-01-21 tampere: 288 rows -> /home/maya/github/Finnish-energy-pipeline/data/staging/fmi/weather/date=2026-01-21/station=tampere/data.parquet
2026-01-21 turku: 288 rows -> /home/maya/github/Finnish-energy-pipeline/data/staging/fmi/weather/date=2026-01-21/station=turku/data.parquet
2026-01-21 vaasa: 288 rows -> /home/maya/github/Finnish-energy-pipeline/data/staging/fmi/weather/date=2026-01-21/station=vaasa/data.parquet
2026-01-22 helsinki: 288 rows -> /home/maya/github/Finnish-energy-pipeline/data/staging/fmi/weather/date=2026-01-22/station=helsinki/data.parquet
2026-01-22 oulu: 288 rows -> /home/maya/github/Finnish-energy-pipeline/data/staging/fmi/weather/date=2026-01-22/station=oulu/data.parquet
2026-01-22 rovaniemi: 288 rows -> /home/maya/github/Finnish-energy-pipeline/data/staging/fmi/weather/date=2026-01-22/station=rovaniemi/data.parquet
2026-01-22 tampere: 288 rows -> /home/maya/github/Finnish-energy-pipeline/data/staging/fmi/weather/date=2026-01-22/station=tampere/data.parquet
2026-01-22 turku: 288 rows -> /home/maya/github/Finnish-energy-pipeline/data/staging/fmi/weather/date=2026-01-22/station=turku/data.parquet
2026-01-22 vaasa: 288 rows -> /home/maya/github/Finnish-energy-pipeline/data/staging/fmi/weather/date=2026-01-22/station=vaasa/data.parquet
2026-01-23 helsinki: 288 rows -> /home/maya/github/Finnish-energy-pipeline/data/staging/fmi/weather/date=2026-01-23/station=helsinki/data.parquet
2026-01-23 oulu: 288 rows -> /home/maya/github/Finnish-energy-pipeline/data/staging/fmi/weather/date=2026-01-23/station=oulu/data.parquet
2026-01-23 rovaniemi: 288 rows -> /home/maya/github/Finnish-energy-pipeline/data/staging/fmi/weather/date=2026-01-23/station=rovaniemi/data.parquet
2026-01-23 tampere: 288 rows -> /home/maya/github/Finnish-energy-pipeline/data/staging/fmi/weather/date=2026-01-23/station=tampere/data.parquet
2026-01-23 turku: 288 rows -> /home/maya/github/Finnish-energy-pipeline/data/staging/fmi/weather/date=2026-01-23/station=turku/data.parquet
2026-01-23 vaasa: 288 rows -> /home/maya/github/Finnish-energy-pipeline/data/staging/fmi/weather/date=2026-01-23/station=vaasa/data.parquet
2026-01-24 helsinki: 288 rows -> /home/maya/github/Finnish-energy-pipeline/data/staging/fmi/weather/date=2026-01-24/station=helsinki/data.parquet
2026-01-24 oulu: 288 rows -> /home/maya/github/Finnish-energy-pipeline/data/staging/fmi/weather/date=2026-01-24/station=oulu/data.parquet
2026-01-24 rovaniemi: 288 rows -> /home/maya/github/Finnish-energy-pipeline/data/staging/fmi/weather/date=2026-01-24/station=rovaniemi/data.parquet
2026-01-24 tampere: 288 rows -> /home/maya/github/Finnish-energy-pipeline/data/staging/fmi/weather/date=2026-01-24/station=tampere/data.parquet
2026-01-24 turku: 288 rows -> /home/maya/github/Finnish-energy-pipeline/data/staging/fmi/weather/date=2026-01-24/station=turku/data.parquet
2026-01-24 vaasa: 288 rows -> /home/maya/github/Finnish-energy-pipeline/data/staging/fmi/weather/date=2026-01-24/station=vaasa/data.parquet
2026-01-25 helsinki: 288 rows -> /home/maya/github/Finnish-energy-pipeline/data/staging/fmi/weather/date=2026-01-25/station=helsinki/data.parquet
2026-01-25 oulu: 288 rows -> /home/maya/github/Finnish-energy-pipeline/data/staging/fmi/weather/date=2026-01-25/station=oulu/data.parquet
2026-01-25 rovaniemi: 288 rows -> /home/maya/github/Finnish-energy-pipeline/data/staging/fmi/weather/date=2026-01-25/station=rovaniemi/data.parquet
2026-01-25 tampere: 288 rows -> /home/maya/github/Finnish-energy-pipeline/data/staging/fmi/weather/date=2026-01-25/station=tampere/data.parquet
2026-01-25 turku: 288 rows -> /home/maya/github/Finnish-energy-pipeline/data/staging/fmi/weather/date=2026-01-25/station=turku/data.parquet
2026-01-25 vaasa: 288 rows -> /home/maya/github/Finnish-energy-pipeline/data/staging/fmi/weather/date=2026-01-25/station=vaasa/data.parquet
2026-01-26 helsinki: 288 rows -> /home/maya/github/Finnish-energy-pipeline/data/staging/fmi/weather/date=2026-01-26/station=helsinki/data.parquet
2026-01-26 oulu: 288 rows -> /home/maya/github/Finnish-energy-pipeline/data/staging/fmi/weather/date=2026-01-26/station=oulu/data.parquet
2026-01-26 rovaniemi: 288 rows -> /home/maya/github/Finnish-energy-pipeline/data/staging/fmi/weather/date=2026-01-26/station=rovaniemi/data.parquet
2026-01-26 tampere: 288 rows -> /home/maya/github/Finnish-energy-pipeline/data/staging/fmi/weather/date=2026-01-26/station=tampere/data.parquet
2026-01-26 turku: 288 rows -> /home/maya/github/Finnish-energy-pipeline/data/staging/fmi/weather/date=2026-01-26/station=turku/data.parquet
2026-01-26 vaasa: 288 rows -> /home/maya/github/Finnish-energy-pipeline/data/staging/fmi/weather/date=2026-01-26/station=vaasa/data.parquet
2026-01-27 helsinki: 288 rows -> /home/maya/github/Finnish-energy-pipeline/data/staging/fmi/weather/date=2026-01-27/station=helsinki/data.parquet
2026-01-27 oulu: 288 rows -> /home/maya/github/Finnish-energy-pipeline/data/staging/fmi/weather/date=2026-01-27/station=oulu/data.parquet
2026-01-27 rovaniemi: 288 rows -> /home/maya/github/Finnish-energy-pipeline/data/staging/fmi/weather/date=2026-01-27/station=rovaniemi/data.parquet
2026-01-27 tampere: 288 rows -> /home/maya/github/Finnish-energy-pipeline/data/staging/fmi/weather/date=2026-01-27/station=tampere/data.parquet
2026-01-27 turku: 288 rows -> /home/maya/github/Finnish-energy-pipeline/data/staging/fmi/weather/date=2026-01-27/station=turku/data.parquet
2026-01-27 vaasa: 288 rows -> /home/maya/github/Finnish-energy-pipeline/data/staging/fmi/weather/date=2026-01-27/station=vaasa/data.parquet
2026-01-28 helsinki: 288 rows -> /home/maya/github/Finnish-energy-pipeline/data/staging/fmi/weather/date=2026-01-28/station=helsinki/data.parquet
2026-01-28 oulu: 288 rows -> /home/maya/github/Finnish-energy-pipeline/data/staging/fmi/weather/date=2026-01-28/station=oulu/data.parquet
2026-01-28 rovaniemi: 288 rows -> /home/maya/github/Finnish-energy-pipeline/data/staging/fmi/weather/date=2026-01-28/station=rovaniemi/data.parquet
2026-01-28 tampere: 288 rows -> /home/maya/github/Finnish-energy-pipeline/data/staging/fmi/weather/date=2026-01-28/station=tampere/data.parquet
2026-01-28 turku: 288 rows -> /home/maya/github/Finnish-energy-pipeline/data/staging/fmi/weather/date=2026-01-28/station=turku/data.parquet
2026-01-28 vaasa: 288 rows -> /home/maya/github/Finnish-energy-pipeline/data/staging/fmi/weather/date=2026-01-28/station=vaasa/data.parquet
2026-01-29 helsinki: 288 rows -> /home/maya/github/Finnish-energy-pipeline/data/staging/fmi/weather/date=2026-01-29/station=helsinki/data.parquet
2026-01-29 oulu: 288 rows -> /home/maya/github/Finnish-energy-pipeline/data/staging/fmi/weather/date=2026-01-29/station=oulu/data.parquet
2026-01-29 rovaniemi: 288 rows -> /home/maya/github/Finnish-energy-pipeline/data/staging/fmi/weather/date=2026-01-29/station=rovaniemi/data.parquet
2026-01-29 tampere: 288 rows -> /home/maya/github/Finnish-energy-pipeline/data/staging/fmi/weather/date=2026-01-29/station=tampere/data.parquet
2026-01-29 turku: 288 rows -> /home/maya/github/Finnish-energy-pipeline/data/staging/fmi/weather/date=2026-01-29/station=turku/data.parquet
2026-01-29 vaasa: 288 rows -> /home/maya/github/Finnish-energy-pipeline/data/staging/fmi/weather/date=2026-01-29/station=vaasa/data.parquet
2026-01-30 helsinki: 288 rows -> /home/maya/github/Finnish-energy-pipeline/data/staging/fmi/weather/date=2026-01-30/station=helsinki/data.parquet
2026-01-30 oulu: 288 rows -> /home/maya/github/Finnish-energy-pipeline/data/staging/fmi/weather/date=2026-01-30/station=oulu/data.parquet
2026-01-30 rovaniemi: 288 rows -> /home/maya/github/Finnish-energy-pipeline/data/staging/fmi/weather/date=2026-01-30/station=rovaniemi/data.parquet
2026-01-30 tampere: 288 rows -> /home/maya/github/Finnish-energy-pipeline/data/staging/fmi/weather/date=2026-01-30/station=tampere/data.parquet
2026-01-30 turku: 288 rows -> /home/maya/github/Finnish-energy-pipeline/data/staging/fmi/weather/date=2026-01-30/station=turku/data.parquet
2026-01-30 vaasa: 288 rows -> /home/maya/github/Finnish-energy-pipeline/data/staging/fmi/weather/date=2026-01-30/station=vaasa/data.parquet
2026-01-31 helsinki: 288 rows -> /home/maya/github/Finnish-energy-pipeline/data/staging/fmi/weather/date=2026-01-31/station=helsinki/data.parquet
2026-01-31 oulu: 288 rows -> /home/maya/github/Finnish-energy-pipeline/data/staging/fmi/weather/date=2026-01-31/station=oulu/data.parquet
2026-01-31 rovaniemi: 288 rows -> /home/maya/github/Finnish-energy-pipeline/data/staging/fmi/weather/date=2026-01-31/station=rovaniemi/data.parquet
2026-01-31 tampere: 288 rows -> /home/maya/github/Finnish-energy-pipeline/data/staging/fmi/weather/date=2026-01-31/station=tampere/data.parquet
2026-01-31 turku: 288 rows -> /home/maya/github/Finnish-energy-pipeline/data/staging/fmi/weather/date=2026-01-31/station=turku/data.parquet
2026-01-31 vaasa: 288 rows -> /home/maya/github/Finnish-energy-pipeline/data/staging/fmi/weather/date=2026-01-31/station=vaasa/data.parquet
2026-02-01 helsinki: 288 rows -> /home/maya/github/Finnish-energy-pipeline/data/staging/fmi/weather/date=2026-02-01/station=helsinki/data.parquet
2026-02-01 oulu: 288 rows -> /home/maya/github/Finnish-energy-pipeline/data/staging/fmi/weather/date=2026-02-01/station=oulu/data.parquet
2026-02-01 rovaniemi: 288 rows -> /home/maya/github/Finnish-energy-pipeline/data/staging/fmi/weather/date=2026-02-01/station=rovaniemi/data.parquet
2026-02-01 tampere: 288 rows -> /home/maya/github/Finnish-energy-pipeline/data/staging/fmi/weather/date=2026-02-01/station=tampere/data.parquet
2026-02-01 turku: 288 rows -> /home/maya/github/Finnish-energy-pipeline/data/staging/fmi/weather/date=2026-02-01/station=turku/data.parquet
2026-02-01 vaasa: 288 rows -> /home/maya/github/Finnish-energy-pipeline/data/staging/fmi/weather/date=2026-02-01/station=vaasa/data.parquet
2026-02-02 helsinki: 288 rows -> /home/maya/github/Finnish-energy-pipeline/data/staging/fmi/weather/date=2026-02-02/station=helsinki/data.parquet
2026-02-02 oulu: 288 rows -> /home/maya/github/Finnish-energy-pipeline/data/staging/fmi/weather/date=2026-02-02/station=oulu/data.parquet
2026-02-02 rovaniemi: 288 rows -> /home/maya/github/Finnish-energy-pipeline/data/staging/fmi/weather/date=2026-02-02/station=rovaniemi/data.parquet
2026-02-02 tampere: 288 rows -> /home/maya/github/Finnish-energy-pipeline/data/staging/fmi/weather/date=2026-02-02/station=tampere/data.parquet
2026-02-02 turku: 288 rows -> /home/maya/github/Finnish-energy-pipeline/data/staging/fmi/weather/date=2026-02-02/station=turku/data.parquet
2026-02-02 vaasa: 288 rows -> /home/maya/github/Finnish-energy-pipeline/data/staging/fmi/weather/date=2026-02-02/station=vaasa/data.parquet
2026-02-03 helsinki: 288 rows -> /home/maya/github/Finnish-energy-pipeline/data/staging/fmi/weather/date=2026-02-03/station=helsinki/data.parquet
2026-02-03 oulu: 288 rows -> /home/maya/github/Finnish-energy-pipeline/data/staging/fmi/weather/date=2026-02-03/station=oulu/data.parquet
2026-02-03 rovaniemi: 288 rows -> /home/maya/github/Finnish-energy-pipeline/data/staging/fmi/weather/date=2026-02-03/station=rovaniemi/data.parquet
2026-02-03 tampere: 288 rows -> /home/maya/github/Finnish-energy-pipeline/data/staging/fmi/weather/date=2026-02-03/station=tampere/data.parquet
2026-02-03 turku: 288 rows -> /home/maya/github/Finnish-energy-pipeline/data/staging/fmi/weather/date=2026-02-03/station=turku/data.parquet
2026-02-03 vaasa: 288 rows -> /home/maya/github/Finnish-energy-pipeline/data/staging/fmi/weather/date=2026-02-03/station=vaasa/data.parquet
2026-02-04 helsinki: 288 rows -> /home/maya/github/Finnish-energy-pipeline/data/staging/fmi/weather/date=2026-02-04/station=helsinki/data.parquet
2026-02-04 oulu: 288 rows -> /home/maya/github/Finnish-energy-pipeline/data/staging/fmi/weather/date=2026-02-04/station=oulu/data.parquet
2026-02-04 rovaniemi: 288 rows -> /home/maya/github/Finnish-energy-pipeline/data/staging/fmi/weather/date=2026-02-04/station=rovaniemi/data.parquet
2026-02-04 tampere: 288 rows -> /home/maya/github/Finnish-energy-pipeline/data/staging/fmi/weather/date=2026-02-04/station=tampere/data.parquet
2026-02-04 turku: 288 rows -> /home/maya/github/Finnish-energy-pipeline/data/staging/fmi/weather/date=2026-02-04/station=turku/data.parquet
2026-02-04 vaasa: 288 rows -> /home/maya/github/Finnish-energy-pipeline/data/staging/fmi/weather/date=2026-02-04/station=vaasa/data.parquet
2026-02-05 helsinki: 288 rows -> /home/maya/github/Finnish-energy-pipeline/data/staging/fmi/weather/date=2026-02-05/station=helsinki/data.parquet
2026-02-05 oulu: 288 rows -> /home/maya/github/Finnish-energy-pipeline/data/staging/fmi/weather/date=2026-02-05/station=oulu/data.parquet
2026-02-05 rovaniemi: 288 rows -> /home/maya/github/Finnish-energy-pipeline/data/staging/fmi/weather/date=2026-02-05/station=rovaniemi/data.parquet
2026-02-05 tampere: 288 rows -> /home/maya/github/Finnish-energy-pipeline/data/staging/fmi/weather/date=2026-02-05/station=tampere/data.parquet
2026-02-05 turku: 288 rows -> /home/maya/github/Finnish-energy-pipeline/data/staging/fmi/weather/date=2026-02-05/station=turku/data.parquet
2026-02-05 vaasa: 288 rows -> /home/maya/github/Finnish-energy-pipeline/data/staging/fmi/weather/date=2026-02-05/station=vaasa/data.parquet
2026-02-06 helsinki: 288 rows -> /home/maya/github/Finnish-energy-pipeline/data/staging/fmi/weather/date=2026-02-06/station=helsinki/data.parquet
2026-02-06 oulu: 288 rows -> /home/maya/github/Finnish-energy-pipeline/data/staging/fmi/weather/date=2026-02-06/station=oulu/data.parquet
2026-02-06 rovaniemi: 288 rows -> /home/maya/github/Finnish-energy-pipeline/data/staging/fmi/weather/date=2026-02-06/station=rovaniemi/data.parquet
2026-02-06 tampere: 288 rows -> /home/maya/github/Finnish-energy-pipeline/data/staging/fmi/weather/date=2026-02-06/station=tampere/data.parquet
2026-02-06 turku: 288 rows -> /home/maya/github/Finnish-energy-pipeline/data/staging/fmi/weather/date=2026-02-06/station=turku/data.parquet
2026-02-06 vaasa: 288 rows -> /home/maya/github/Finnish-energy-pipeline/data/staging/fmi/weather/date=2026-02-06/station=vaasa/data.parquet
2026-02-07 helsinki: 288 rows -> /home/maya/github/Finnish-energy-pipeline/data/staging/fmi/weather/date=2026-02-07/station=helsinki/data.parquet
2026-02-07 oulu: 288 rows -> /home/maya/github/Finnish-energy-pipeline/data/staging/fmi/weather/date=2026-02-07/station=oulu/data.parquet
2026-02-07 rovaniemi: 288 rows -> /home/maya/github/Finnish-energy-pipeline/data/staging/fmi/weather/date=2026-02-07/station=rovaniemi/data.parquet
2026-02-07 tampere: 288 rows -> /home/maya/github/Finnish-energy-pipeline/data/staging/fmi/weather/date=2026-02-07/station=tampere/data.parquet
2026-02-07 turku: 288 rows -> /home/maya/github/Finnish-energy-pipeline/data/staging/fmi/weather/date=2026-02-07/station=turku/data.parquet
2026-02-07 vaasa: 288 rows -> /home/maya/github/Finnish-energy-pipeline/data/staging/fmi/weather/date=2026-02-07/station=vaasa/data.parquet
2026-02-08 helsinki: 288 rows -> /home/maya/github/Finnish-energy-pipeline/data/staging/fmi/weather/date=2026-02-08/station=helsinki/data.parquet
2026-02-08 oulu: 288 rows -> /home/maya/github/Finnish-energy-pipeline/data/staging/fmi/weather/date=2026-02-08/station=oulu/data.parquet
2026-02-08 rovaniemi: 288 rows -> /home/maya/github/Finnish-energy-pipeline/data/staging/fmi/weather/date=2026-02-08/station=rovaniemi/data.parquet
2026-02-08 tampere: 288 rows -> /home/maya/github/Finnish-energy-pipeline/data/staging/fmi/weather/date=2026-02-08/station=tampere/data.parquet
2026-02-08 turku: 288 rows -> /home/maya/github/Finnish-energy-pipeline/data/staging/fmi/weather/date=2026-02-08/station=turku/data.parquet
2026-02-08 vaasa: 288 rows -> /home/maya/github/Finnish-energy-pipeline/data/staging/fmi/weather/date=2026-02-08/station=vaasa/data.parquet
2026-02-09 helsinki: 288 rows -> /home/maya/github/Finnish-energy-pipeline/data/staging/fmi/weather/date=2026-02-09/station=helsinki/data.parquet
2026-02-09 oulu: 288 rows -> /home/maya/github/Finnish-energy-pipeline/data/staging/fmi/weather/date=2026-02-09/station=oulu/data.parquet
2026-02-09 rovaniemi: 288 rows -> /home/maya/github/Finnish-energy-pipeline/data/staging/fmi/weather/date=2026-02-09/station=rovaniemi/data.parquet
2026-02-09 tampere: 288 rows -> /home/maya/github/Finnish-energy-pipeline/data/staging/fmi/weather/date=2026-02-09/station=tampere/data.parquet
2026-02-09 turku: 288 rows -> /home/maya/github/Finnish-energy-pipeline/data/staging/fmi/weather/date=2026-02-09/station=turku/data.parquet
2026-02-09 vaasa: 288 rows -> /home/maya/github/Finnish-energy-pipeline/data/staging/fmi/weather/date=2026-02-09/station=vaasa/data.parquet
2026-02-10 helsinki: 288 rows -> /home/maya/github/Finnish-energy-pipeline/data/staging/fmi/weather/date=2026-02-10/station=helsinki/data.parquet
2026-02-10 oulu: 288 rows -> /home/maya/github/Finnish-energy-pipeline/data/staging/fmi/weather/date=2026-02-10/station=oulu/data.parquet
2026-02-10 rovaniemi: 288 rows -> /home/maya/github/Finnish-energy-pipeline/data/staging/fmi/weather/date=2026-02-10/station=rovaniemi/data.parquet
2026-02-10 tampere: 276 rows -> /home/maya/github/Finnish-energy-pipeline/data/staging/fmi/weather/date=2026-02-10/station=tampere/data.parquet
2026-02-10 turku: 288 rows -> /home/maya/github/Finnish-energy-pipeline/data/staging/fmi/weather/date=2026-02-10/station=turku/data.parquet
2026-02-10 vaasa: 288 rows -> /home/maya/github/Finnish-energy-pipeline/data/staging/fmi/weather/date=2026-02-10/station=vaasa/data.parquet
2026-02-11 helsinki: 288 rows -> /home/maya/github/Finnish-energy-pipeline/data/staging/fmi/weather/date=2026-02-11/station=helsinki/data.parquet
2026-02-11 oulu: 288 rows -> /home/maya/github/Finnish-energy-pipeline/data/staging/fmi/weather/date=2026-02-11/station=oulu/data.parquet
2026-02-11 rovaniemi: 288 rows -> /home/maya/github/Finnish-energy-pipeline/data/staging/fmi/weather/date=2026-02-11/station=rovaniemi/data.parquet
2026-02-11 tampere: 288 rows -> /home/maya/github/Finnish-energy-pipeline/data/staging/fmi/weather/date=2026-02-11/station=tampere/data.parquet
2026-02-11 turku: 288 rows -> /home/maya/github/Finnish-energy-pipeline/data/staging/fmi/weather/date=2026-02-11/station=turku/data.parquet
2026-02-11 vaasa: 288 rows -> /home/maya/github/Finnish-energy-pipeline/data/staging/fmi/weather/date=2026-02-11/station=vaasa/data.parquet
2026-02-12 helsinki: 288 rows -> /home/maya/github/Finnish-energy-pipeline/data/staging/fmi/weather/date=2026-02-12/station=helsinki/data.parquet
2026-02-12 oulu: 288 rows -> /home/maya/github/Finnish-energy-pipeline/data/staging/fmi/weather/date=2026-02-12/station=oulu/data.parquet
2026-02-12 rovaniemi: 288 rows -> /home/maya/github/Finnish-energy-pipeline/data/staging/fmi/weather/date=2026-02-12/station=rovaniemi/data.parquet
2026-02-12 tampere: 288 rows -> /home/maya/github/Finnish-energy-pipeline/data/staging/fmi/weather/date=2026-02-12/station=tampere/data.parquet
2026-02-12 turku: 288 rows -> /home/maya/github/Finnish-energy-pipeline/data/staging/fmi/weather/date=2026-02-12/station=turku/data.parquet
2026-02-12 vaasa: 288 rows -> /home/maya/github/Finnish-energy-pipeline/data/staging/fmi/weather/date=2026-02-12/station=vaasa/data.parquet
2026-02-13 helsinki: 288 rows -> /home/maya/github/Finnish-energy-pipeline/data/staging/fmi/weather/date=2026-02-13/station=helsinki/data.parquet
2026-02-13 oulu: 288 rows -> /home/maya/github/Finnish-energy-pipeline/data/staging/fmi/weather/date=2026-02-13/station=oulu/data.parquet
2026-02-13 rovaniemi: 288 rows -> /home/maya/github/Finnish-energy-pipeline/data/staging/fmi/weather/date=2026-02-13/station=rovaniemi/data.parquet
2026-02-13 tampere: 288 rows -> /home/maya/github/Finnish-energy-pipeline/data/staging/fmi/weather/date=2026-02-13/station=tampere/data.parquet
2026-02-13 turku: 288 rows -> /home/maya/github/Finnish-energy-pipeline/data/staging/fmi/weather/date=2026-02-13/station=turku/data.parquet
2026-02-13 vaasa: 288 rows -> /home/maya/github/Finnish-energy-pipeline/data/staging/fmi/weather/date=2026-02-13/station=vaasa/data.parquet
2026-02-14 helsinki: 288 rows -> /home/maya/github/Finnish-energy-pipeline/data/staging/fmi/weather/date=2026-02-14/station=helsinki/data.parquet
2026-02-14 oulu: 288 rows -> /home/maya/github/Finnish-energy-pipeline/data/staging/fmi/weather/date=2026-02-14/station=oulu/data.parquet
2026-02-14 rovaniemi: 288 rows -> /home/maya/github/Finnish-energy-pipeline/data/staging/fmi/weather/date=2026-02-14/station=rovaniemi/data.parquet
2026-02-14 tampere: 288 rows -> /home/maya/github/Finnish-energy-pipeline/data/staging/fmi/weather/date=2026-02-14/station=tampere/data.parquet
2026-02-14 turku: 288 rows -> /home/maya/github/Finnish-energy-pipeline/data/staging/fmi/weather/date=2026-02-14/station=turku/data.parquet
2026-02-14 vaasa: 288 rows -> /home/maya/github/Finnish-energy-pipeline/data/staging/fmi/weather/date=2026-02-14/station=vaasa/data.parquet
2026-02-15 helsinki: 288 rows -> /home/maya/github/Finnish-energy-pipeline/data/staging/fmi/weather/date=2026-02-15/station=helsinki/data.parquet
2026-02-15 oulu: 288 rows -> /home/maya/github/Finnish-energy-pipeline/data/staging/fmi/weather/date=2026-02-15/station=oulu/data.parquet
2026-02-15 rovaniemi: 288 rows -> /home/maya/github/Finnish-energy-pipeline/data/staging/fmi/weather/date=2026-02-15/station=rovaniemi/data.parquet
2026-02-15 tampere: 288 rows -> /home/maya/github/Finnish-energy-pipeline/data/staging/fmi/weather/date=2026-02-15/station=tampere/data.parquet
2026-02-15 turku: 288 rows -> /home/maya/github/Finnish-energy-pipeline/data/staging/fmi/weather/date=2026-02-15/station=turku/data.parquet
2026-02-15 vaasa: 288 rows -> /home/maya/github/Finnish-energy-pipeline/data/staging/fmi/weather/date=2026-02-15/station=vaasa/data.parquet
2026-02-16 helsinki: 288 rows -> /home/maya/github/Finnish-energy-pipeline/data/staging/fmi/weather/date=2026-02-16/station=helsinki/data.parquet
2026-02-16 oulu: 288 rows -> /home/maya/github/Finnish-energy-pipeline/data/staging/fmi/weather/date=2026-02-16/station=oulu/data.parquet
2026-02-16 rovaniemi: 288 rows -> /home/maya/github/Finnish-energy-pipeline/data/staging/fmi/weather/date=2026-02-16/station=rovaniemi/data.parquet
2026-02-16 tampere: 288 rows -> /home/maya/github/Finnish-energy-pipeline/data/staging/fmi/weather/date=2026-02-16/station=tampere/data.parquet
2026-02-16 turku: 288 rows -> /home/maya/github/Finnish-energy-pipeline/data/staging/fmi/weather/date=2026-02-16/station=turku/data.parquet
2026-02-16 vaasa: 288 rows -> /home/maya/github/Finnish-energy-pipeline/data/staging/fmi/weather/date=2026-02-16/station=vaasa/data.parquet
2026-02-17 helsinki: 288 rows -> /home/maya/github/Finnish-energy-pipeline/data/staging/fmi/weather/date=2026-02-17/station=helsinki/data.parquet
2026-02-17 oulu: 288 rows -> /home/maya/github/Finnish-energy-pipeline/data/staging/fmi/weather/date=2026-02-17/station=oulu/data.parquet
2026-02-17 rovaniemi: 288 rows -> /home/maya/github/Finnish-energy-pipeline/data/staging/fmi/weather/date=2026-02-17/station=rovaniemi/data.parquet
2026-02-17 tampere: 288 rows -> /home/maya/github/Finnish-energy-pipeline/data/staging/fmi/weather/date=2026-02-17/station=tampere/data.parquet
2026-02-17 turku: 288 rows -> /home/maya/github/Finnish-energy-pipeline/data/staging/fmi/weather/date=2026-02-17/station=turku/data.parquet
2026-02-17 vaasa: 288 rows -> /home/maya/github/Finnish-energy-pipeline/data/staging/fmi/weather/date=2026-02-17/station=vaasa/data.parquet
2026-02-18 helsinki: 288 rows -> /home/maya/github/Finnish-energy-pipeline/data/staging/fmi/weather/date=2026-02-18/station=helsinki/data.parquet
2026-02-18 oulu: 288 rows -> /home/maya/github/Finnish-energy-pipeline/data/staging/fmi/weather/date=2026-02-18/station=oulu/data.parquet
2026-02-18 rovaniemi: 288 rows -> /home/maya/github/Finnish-energy-pipeline/data/staging/fmi/weather/date=2026-02-18/station=rovaniemi/data.parquet
2026-02-18 tampere: 288 rows -> /home/maya/github/Finnish-energy-pipeline/data/staging/fmi/weather/date=2026-02-18/station=tampere/data.parquet
2026-02-18 turku: 288 rows -> /home/maya/github/Finnish-energy-pipeline/data/staging/fmi/weather/date=2026-02-18/station=turku/data.parquet
2026-02-18 vaasa: 288 rows -> /home/maya/github/Finnish-energy-pipeline/data/staging/fmi/weather/date=2026-02-18/station=vaasa/data.parquet
2026-02-19 helsinki: 288 rows -> /home/maya/github/Finnish-energy-pipeline/data/staging/fmi/weather/date=2026-02-19/station=helsinki/data.parquet
2026-02-19 oulu: 288 rows -> /home/maya/github/Finnish-energy-pipeline/data/staging/fmi/weather/date=2026-02-19/station=oulu/data.parquet
2026-02-19 rovaniemi: 288 rows -> /home/maya/github/Finnish-energy-pipeline/data/staging/fmi/weather/date=2026-02-19/station=rovaniemi/data.parquet
2026-02-19 tampere: 288 rows -> /home/maya/github/Finnish-energy-pipeline/data/staging/fmi/weather/date=2026-02-19/station=tampere/data.parquet
2026-02-19 turku: 288 rows -> /home/maya/github/Finnish-energy-pipeline/data/staging/fmi/weather/date=2026-02-19/station=turku/data.parquet
2026-02-19 vaasa: 288 rows -> /home/maya/github/Finnish-energy-pipeline/data/staging/fmi/weather/date=2026-02-19/station=vaasa/data.parquet
2026-02-20 helsinki: 288 rows -> /home/maya/github/Finnish-energy-pipeline/data/staging/fmi/weather/date=2026-02-20/station=helsinki/data.parquet
2026-02-20 oulu: 288 rows -> /home/maya/github/Finnish-energy-pipeline/data/staging/fmi/weather/date=2026-02-20/station=oulu/data.parquet
2026-02-20 rovaniemi: 288 rows -> /home/maya/github/Finnish-energy-pipeline/data/staging/fmi/weather/date=2026-02-20/station=rovaniemi/data.parquet
2026-02-20 tampere: 288 rows -> /home/maya/github/Finnish-energy-pipeline/data/staging/fmi/weather/date=2026-02-20/station=tampere/data.parquet
2026-02-20 turku: 288 rows -> /home/maya/github/Finnish-energy-pipeline/data/staging/fmi/weather/date=2026-02-20/station=turku/data.parquet
2026-02-20 vaasa: 288 rows -> /home/maya/github/Finnish-energy-pipeline/data/staging/fmi/weather/date=2026-02-20/station=vaasa/data.parquet
2026-02-21 helsinki: 288 rows -> /home/maya/github/Finnish-energy-pipeline/data/staging/fmi/weather/date=2026-02-21/station=helsinki/data.parquet
2026-02-21 oulu: 288 rows -> /home/maya/github/Finnish-energy-pipeline/data/staging/fmi/weather/date=2026-02-21/station=oulu/data.parquet
2026-02-21 rovaniemi: 288 rows -> /home/maya/github/Finnish-energy-pipeline/data/staging/fmi/weather/date=2026-02-21/station=rovaniemi/data.parquet
2026-02-21 tampere: 288 rows -> /home/maya/github/Finnish-energy-pipeline/data/staging/fmi/weather/date=2026-02-21/station=tampere/data.parquet
2026-02-21 turku: 288 rows -> /home/maya/github/Finnish-energy-pipeline/data/staging/fmi/weather/date=2026-02-21/station=turku/data.parquet
2026-02-21 vaasa: 288 rows -> /home/maya/github/Finnish-energy-pipeline/data/staging/fmi/weather/date=2026-02-21/station=vaasa/data.parquet
2026-02-22 helsinki: 288 rows -> /home/maya/github/Finnish-energy-pipeline/data/staging/fmi/weather/date=2026-02-22/station=helsinki/data.parquet
2026-02-22 oulu: 288 rows -> /home/maya/github/Finnish-energy-pipeline/data/staging/fmi/weather/date=2026-02-22/station=oulu/data.parquet
2026-02-22 rovaniemi: 288 rows -> /home/maya/github/Finnish-energy-pipeline/data/staging/fmi/weather/date=2026-02-22/station=rovaniemi/data.parquet
2026-02-22 tampere: 288 rows -> /home/maya/github/Finnish-energy-pipeline/data/staging/fmi/weather/date=2026-02-22/station=tampere/data.parquet
2026-02-22 turku: 288 rows -> /home/maya/github/Finnish-energy-pipeline/data/staging/fmi/weather/date=2026-02-22/station=turku/data.parquet
2026-02-22 vaasa: 288 rows -> /home/maya/github/Finnish-energy-pipeline/data/staging/fmi/weather/date=2026-02-22/station=vaasa/data.parquet
2026-02-23 helsinki: 288 rows -> /home/maya/github/Finnish-energy-pipeline/data/staging/fmi/weather/date=2026-02-23/station=helsinki/data.parquet
2026-02-23 oulu: 288 rows -> /home/maya/github/Finnish-energy-pipeline/data/staging/fmi/weather/date=2026-02-23/station=oulu/data.parquet
2026-02-23 rovaniemi: 288 rows -> /home/maya/github/Finnish-energy-pipeline/data/staging/fmi/weather/date=2026-02-23/station=rovaniemi/data.parquet
2026-02-23 tampere: 288 rows -> /home/maya/github/Finnish-energy-pipeline/data/staging/fmi/weather/date=2026-02-23/station=tampere/data.parquet
2026-02-23 turku: 288 rows -> /home/maya/github/Finnish-energy-pipeline/data/staging/fmi/weather/date=2026-02-23/station=turku/data.parquet
2026-02-23 vaasa: 288 rows -> /home/maya/github/Finnish-energy-pipeline/data/staging/fmi/weather/date=2026-02-23/station=vaasa/data.parquet
2026-02-24 helsinki: 288 rows -> /home/maya/github/Finnish-energy-pipeline/data/staging/fmi/weather/date=2026-02-24/station=helsinki/data.parquet
2026-02-24 oulu: 288 rows -> /home/maya/github/Finnish-energy-pipeline/data/staging/fmi/weather/date=2026-02-24/station=oulu/data.parquet
2026-02-24 rovaniemi: 288 rows -> /home/maya/github/Finnish-energy-pipeline/data/staging/fmi/weather/date=2026-02-24/station=rovaniemi/data.parquet
2026-02-24 tampere: 288 rows -> /home/maya/github/Finnish-energy-pipeline/data/staging/fmi/weather/date=2026-02-24/station=tampere/data.parquet
2026-02-24 turku: 288 rows -> /home/maya/github/Finnish-energy-pipeline/data/staging/fmi/weather/date=2026-02-24/station=turku/data.parquet
2026-02-24 vaasa: 288 rows -> /home/maya/github/Finnish-energy-pipeline/data/staging/fmi/weather/date=2026-02-24/station=vaasa/data.parquet
2026-02-25 helsinki: 288 rows -> /home/maya/github/Finnish-energy-pipeline/data/staging/fmi/weather/date=2026-02-25/station=helsinki/data.parquet
2026-02-25 oulu: 288 rows -> /home/maya/github/Finnish-energy-pipeline/data/staging/fmi/weather/date=2026-02-25/station=oulu/data.parquet
2026-02-25 rovaniemi: 288 rows -> /home/maya/github/Finnish-energy-pipeline/data/staging/fmi/weather/date=2026-02-25/station=rovaniemi/data.parquet
2026-02-25 tampere: 288 rows -> /home/maya/github/Finnish-energy-pipeline/data/staging/fmi/weather/date=2026-02-25/station=tampere/data.parquet
2026-02-25 turku: 288 rows -> /home/maya/github/Finnish-energy-pipeline/data/staging/fmi/weather/date=2026-02-25/station=turku/data.parquet
2026-02-25 vaasa: 288 rows -> /home/maya/github/Finnish-energy-pipeline/data/staging/fmi/weather/date=2026-02-25/station=vaasa/data.parquet
2026-02-26 helsinki: 288 rows -> /home/maya/github/Finnish-energy-pipeline/data/staging/fmi/weather/date=2026-02-26/station=helsinki/data.parquet
2026-02-26 oulu: 288 rows -> /home/maya/github/Finnish-energy-pipeline/data/staging/fmi/weather/date=2026-02-26/station=oulu/data.parquet
2026-02-26 rovaniemi: 288 rows -> /home/maya/github/Finnish-energy-pipeline/data/staging/fmi/weather/date=2026-02-26/station=rovaniemi/data.parquet
2026-02-26 tampere: 288 rows -> /home/maya/github/Finnish-energy-pipeline/data/staging/fmi/weather/date=2026-02-26/station=tampere/data.parquet
2026-02-26 turku: 288 rows -> /home/maya/github/Finnish-energy-pipeline/data/staging/fmi/weather/date=2026-02-26/station=turku/data.parquet
2026-02-26 vaasa: 288 rows -> /home/maya/github/Finnish-energy-pipeline/data/staging/fmi/weather/date=2026-02-26/station=vaasa/data.parquet
2026-02-27 helsinki: 288 rows -> /home/maya/github/Finnish-energy-pipeline/data/staging/fmi/weather/date=2026-02-27/station=helsinki/data.parquet
2026-02-27 oulu: 288 rows -> /home/maya/github/Finnish-energy-pipeline/data/staging/fmi/weather/date=2026-02-27/station=oulu/data.parquet
2026-02-27 rovaniemi: 288 rows -> /home/maya/github/Finnish-energy-pipeline/data/staging/fmi/weather/date=2026-02-27/station=rovaniemi/data.parquet
2026-02-27 tampere: 288 rows -> /home/maya/github/Finnish-energy-pipeline/data/staging/fmi/weather/date=2026-02-27/station=tampere/data.parquet
2026-02-27 turku: 288 rows -> /home/maya/github/Finnish-energy-pipeline/data/staging/fmi/weather/date=2026-02-27/station=turku/data.parquet
2026-02-27 vaasa: 288 rows -> /home/maya/github/Finnish-energy-pipeline/data/staging/fmi/weather/date=2026-02-27/station=vaasa/data.parquet
2026-02-28 helsinki: 288 rows -> /home/maya/github/Finnish-energy-pipeline/data/staging/fmi/weather/date=2026-02-28/station=helsinki/data.parquet
2026-02-28 oulu: 288 rows -> /home/maya/github/Finnish-energy-pipeline/data/staging/fmi/weather/date=2026-02-28/station=oulu/data.parquet
2026-02-28 rovaniemi: 288 rows -> /home/maya/github/Finnish-energy-pipeline/data/staging/fmi/weather/date=2026-02-28/station=rovaniemi/data.parquet
2026-02-28 tampere: 288 rows -> /home/maya/github/Finnish-energy-pipeline/data/staging/fmi/weather/date=2026-02-28/station=tampere/data.parquet
2026-02-28 turku: 288 rows -> /home/maya/github/Finnish-energy-pipeline/data/staging/fmi/weather/date=2026-02-28/station=turku/data.parquet
2026-02-28 vaasa: 288 rows -> /home/maya/github/Finnish-energy-pipeline/data/staging/fmi/weather/date=2026-02-28/station=vaasa/data.parquet
2026-03-01 helsinki: 288 rows -> /home/maya/github/Finnish-energy-pipeline/data/staging/fmi/weather/date=2026-03-01/station=helsinki/data.parquet
2026-03-01 oulu: 288 rows -> /home/maya/github/Finnish-energy-pipeline/data/staging/fmi/weather/date=2026-03-01/station=oulu/data.parquet
2026-03-01 rovaniemi: 288 rows -> /home/maya/github/Finnish-energy-pipeline/data/staging/fmi/weather/date=2026-03-01/station=rovaniemi/data.parquet
2026-03-01 tampere: 288 rows -> /home/maya/github/Finnish-energy-pipeline/data/staging/fmi/weather/date=2026-03-01/station=tampere/data.parquet
2026-03-01 turku: 288 rows -> /home/maya/github/Finnish-energy-pipeline/data/staging/fmi/weather/date=2026-03-01/station=turku/data.parquet
2026-03-01 vaasa: 288 rows -> /home/maya/github/Finnish-energy-pipeline/data/staging/fmi/weather/date=2026-03-01/station=vaasa/data.parquet
2026-03-02 helsinki: 288 rows -> /home/maya/github/Finnish-energy-pipeline/data/staging/fmi/weather/date=2026-03-02/station=helsinki/data.parquet
2026-03-02 oulu: 288 rows -> /home/maya/github/Finnish-energy-pipeline/data/staging/fmi/weather/date=2026-03-02/station=oulu/data.parquet
2026-03-02 rovaniemi: 288 rows -> /home/maya/github/Finnish-energy-pipeline/data/staging/fmi/weather/date=2026-03-02/station=rovaniemi/data.parquet
2026-03-02 tampere: 288 rows -> /home/maya/github/Finnish-energy-pipeline/data/staging/fmi/weather/date=2026-03-02/station=tampere/data.parquet
2026-03-02 turku: 288 rows -> /home/maya/github/Finnish-energy-pipeline/data/staging/fmi/weather/date=2026-03-02/station=turku/data.parquet
2026-03-02 vaasa: 288 rows -> /home/maya/github/Finnish-energy-pipeline/data/staging/fmi/weather/date=2026-03-02/station=vaasa/data.parquet
2026-03-03 helsinki: 288 rows -> /home/maya/github/Finnish-energy-pipeline/data/staging/fmi/weather/date=2026-03-03/station=helsinki/data.parquet
2026-03-03 oulu: 288 rows -> /home/maya/github/Finnish-energy-pipeline/data/staging/fmi/weather/date=2026-03-03/station=oulu/data.parquet
2026-03-03 rovaniemi: 288 rows -> /home/maya/github/Finnish-energy-pipeline/data/staging/fmi/weather/date=2026-03-03/station=rovaniemi/data.parquet
2026-03-03 tampere: 288 rows -> /home/maya/github/Finnish-energy-pipeline/data/staging/fmi/weather/date=2026-03-03/station=tampere/data.parquet
2026-03-03 turku: 288 rows -> /home/maya/github/Finnish-energy-pipeline/data/staging/fmi/weather/date=2026-03-03/station=turku/data.parquet
2026-03-03 vaasa: 288 rows -> /home/maya/github/Finnish-energy-pipeline/data/staging/fmi/weather/date=2026-03-03/station=vaasa/data.parquet
2026-03-04 helsinki: 288 rows -> /home/maya/github/Finnish-energy-pipeline/data/staging/fmi/weather/date=2026-03-04/station=helsinki/data.parquet
2026-03-04 oulu: 288 rows -> /home/maya/github/Finnish-energy-pipeline/data/staging/fmi/weather/date=2026-03-04/station=oulu/data.parquet
2026-03-04 rovaniemi: 288 rows -> /home/maya/github/Finnish-energy-pipeline/data/staging/fmi/weather/date=2026-03-04/station=rovaniemi/data.parquet
2026-03-04 tampere: 288 rows -> /home/maya/github/Finnish-energy-pipeline/data/staging/fmi/weather/date=2026-03-04/station=tampere/data.parquet
2026-03-04 turku: 288 rows -> /home/maya/github/Finnish-energy-pipeline/data/staging/fmi/weather/date=2026-03-04/station=turku/data.parquet
2026-03-04 vaasa: 288 rows -> /home/maya/github/Finnish-energy-pipeline/data/staging/fmi/weather/date=2026-03-04/station=vaasa/data.parquet
2026-03-05 helsinki: 288 rows -> /home/maya/github/Finnish-energy-pipeline/data/staging/fmi/weather/date=2026-03-05/station=helsinki/data.parquet
2026-03-05 oulu: 288 rows -> /home/maya/github/Finnish-energy-pipeline/data/staging/fmi/weather/date=2026-03-05/station=oulu/data.parquet
2026-03-05 rovaniemi: 288 rows -> /home/maya/github/Finnish-energy-pipeline/data/staging/fmi/weather/date=2026-03-05/station=rovaniemi/data.parquet
2026-03-05 tampere: 288 rows -> /home/maya/github/Finnish-energy-pipeline/data/staging/fmi/weather/date=2026-03-05/station=tampere/data.parquet
2026-03-05 turku: 288 rows -> /home/maya/github/Finnish-energy-pipeline/data/staging/fmi/weather/date=2026-03-05/station=turku/data.parquet
2026-03-05 vaasa: 288 rows -> /home/maya/github/Finnish-energy-pipeline/data/staging/fmi/weather/date=2026-03-05/station=vaasa/data.parquet
2026-03-06 helsinki: 288 rows -> /home/maya/github/Finnish-energy-pipeline/data/staging/fmi/weather/date=2026-03-06/station=helsinki/data.parquet
2026-03-06 oulu: 288 rows -> /home/maya/github/Finnish-energy-pipeline/data/staging/fmi/weather/date=2026-03-06/station=oulu/data.parquet
2026-03-06 rovaniemi: 288 rows -> /home/maya/github/Finnish-energy-pipeline/data/staging/fmi/weather/date=2026-03-06/station=rovaniemi/data.parquet
2026-03-06 tampere: 288 rows -> /home/maya/github/Finnish-energy-pipeline/data/staging/fmi/weather/date=2026-03-06/station=tampere/data.parquet
2026-03-06 turku: 288 rows -> /home/maya/github/Finnish-energy-pipeline/data/staging/fmi/weather/date=2026-03-06/station=turku/data.parquet
2026-03-06 vaasa: 288 rows -> /home/maya/github/Finnish-energy-pipeline/data/staging/fmi/weather/date=2026-03-06/station=vaasa/data.parquet
2026-03-07 helsinki: 288 rows -> /home/maya/github/Finnish-energy-pipeline/data/staging/fmi/weather/date=2026-03-07/station=helsinki/data.parquet
2026-03-07 oulu: 288 rows -> /home/maya/github/Finnish-energy-pipeline/data/staging/fmi/weather/date=2026-03-07/station=oulu/data.parquet
2026-03-07 rovaniemi: 288 rows -> /home/maya/github/Finnish-energy-pipeline/data/staging/fmi/weather/date=2026-03-07/station=rovaniemi/data.parquet
2026-03-07 tampere: 288 rows -> /home/maya/github/Finnish-energy-pipeline/data/staging/fmi/weather/date=2026-03-07/station=tampere/data.parquet
2026-03-07 turku: 288 rows -> /home/maya/github/Finnish-energy-pipeline/data/staging/fmi/weather/date=2026-03-07/station=turku/data.parquet
2026-03-07 vaasa: 288 rows -> /home/maya/github/Finnish-energy-pipeline/data/staging/fmi/weather/date=2026-03-07/station=vaasa/data.parquet
2026-03-08 helsinki: 288 rows -> /home/maya/github/Finnish-energy-pipeline/data/staging/fmi/weather/date=2026-03-08/station=helsinki/data.parquet
2026-03-08 oulu: 288 rows -> /home/maya/github/Finnish-energy-pipeline/data/staging/fmi/weather/date=2026-03-08/station=oulu/data.parquet
2026-03-08 rovaniemi: 288 rows -> /home/maya/github/Finnish-energy-pipeline/data/staging/fmi/weather/date=2026-03-08/station=rovaniemi/data.parquet
2026-03-08 tampere: 288 rows -> /home/maya/github/Finnish-energy-pipeline/data/staging/fmi/weather/date=2026-03-08/station=tampere/data.parquet
2026-03-08 turku: 288 rows -> /home/maya/github/Finnish-energy-pipeline/data/staging/fmi/weather/date=2026-03-08/station=turku/data.parquet
2026-03-08 vaasa: 288 rows -> /home/maya/github/Finnish-energy-pipeline/data/staging/fmi/weather/date=2026-03-08/station=vaasa/data.parquet
2026-03-09 helsinki: 288 rows -> /home/maya/github/Finnish-energy-pipeline/data/staging/fmi/weather/date=2026-03-09/station=helsinki/data.parquet
2026-03-09 oulu: 288 rows -> /home/maya/github/Finnish-energy-pipeline/data/staging/fmi/weather/date=2026-03-09/station=oulu/data.parquet
2026-03-09 rovaniemi: 288 rows -> /home/maya/github/Finnish-energy-pipeline/data/staging/fmi/weather/date=2026-03-09/station=rovaniemi/data.parquet
2026-03-09 tampere: 288 rows -> /home/maya/github/Finnish-energy-pipeline/data/staging/fmi/weather/date=2026-03-09/station=tampere/data.parquet
2026-03-09 turku: 288 rows -> /home/maya/github/Finnish-energy-pipeline/data/staging/fmi/weather/date=2026-03-09/station=turku/data.parquet
2026-03-09 vaasa: 288 rows -> /home/maya/github/Finnish-energy-pipeline/data/staging/fmi/weather/date=2026-03-09/station=vaasa/data.parquet
2026-03-10 helsinki: 288 rows -> /home/maya/github/Finnish-energy-pipeline/data/staging/fmi/weather/date=2026-03-10/station=helsinki/data.parquet
2026-03-10 oulu: 288 rows -> /home/maya/github/Finnish-energy-pipeline/data/staging/fmi/weather/date=2026-03-10/station=oulu/data.parquet
2026-03-10 rovaniemi: 288 rows -> /home/maya/github/Finnish-energy-pipeline/data/staging/fmi/weather/date=2026-03-10/station=rovaniemi/data.parquet
2026-03-10 tampere: 288 rows -> /home/maya/github/Finnish-energy-pipeline/data/staging/fmi/weather/date=2026-03-10/station=tampere/data.parquet
2026-03-10 turku: 288 rows -> /home/maya/github/Finnish-energy-pipeline/data/staging/fmi/weather/date=2026-03-10/station=turku/data.parquet
2026-03-10 vaasa: 288 rows -> /home/maya/github/Finnish-energy-pipeline/data/staging/fmi/weather/date=2026-03-10/station=vaasa/data.parquet
2026-03-11 helsinki: 288 rows -> /home/maya/github/Finnish-energy-pipeline/data/staging/fmi/weather/date=2026-03-11/station=helsinki/data.parquet
2026-03-11 oulu: 288 rows -> /home/maya/github/Finnish-energy-pipeline/data/staging/fmi/weather/date=2026-03-11/station=oulu/data.parquet
2026-03-11 rovaniemi: 288 rows -> /home/maya/github/Finnish-energy-pipeline/data/staging/fmi/weather/date=2026-03-11/station=rovaniemi/data.parquet
2026-03-11 tampere: 288 rows -> /home/maya/github/Finnish-energy-pipeline/data/staging/fmi/weather/date=2026-03-11/station=tampere/data.parquet
2026-03-11 turku: 288 rows -> /home/maya/github/Finnish-energy-pipeline/data/staging/fmi/weather/date=2026-03-11/station=turku/data.parquet
2026-03-11 vaasa: 288 rows -> /home/maya/github/Finnish-energy-pipeline/data/staging/fmi/weather/date=2026-03-11/station=vaasa/data.parquet
2026-03-12 helsinki: 288 rows -> /home/maya/github/Finnish-energy-pipeline/data/staging/fmi/weather/date=2026-03-12/station=helsinki/data.parquet
2026-03-12 oulu: 288 rows -> /home/maya/github/Finnish-energy-pipeline/data/staging/fmi/weather/date=2026-03-12/station=oulu/data.parquet
2026-03-12 rovaniemi: 288 rows -> /home/maya/github/Finnish-energy-pipeline/data/staging/fmi/weather/date=2026-03-12/station=rovaniemi/data.parquet
2026-03-12 tampere: 288 rows -> /home/maya/github/Finnish-energy-pipeline/data/staging/fmi/weather/date=2026-03-12/station=tampere/data.parquet
2026-03-12 turku: 288 rows -> /home/maya/github/Finnish-energy-pipeline/data/staging/fmi/weather/date=2026-03-12/station=turku/data.parquet
2026-03-12 vaasa: 288 rows -> /home/maya/github/Finnish-energy-pipeline/data/staging/fmi/weather/date=2026-03-12/station=vaasa/data.parquet
2026-03-13 helsinki: 288 rows -> /home/maya/github/Finnish-energy-pipeline/data/staging/fmi/weather/date=2026-03-13/station=helsinki/data.parquet
2026-03-13 oulu: 288 rows -> /home/maya/github/Finnish-energy-pipeline/data/staging/fmi/weather/date=2026-03-13/station=oulu/data.parquet
2026-03-13 rovaniemi: 288 rows -> /home/maya/github/Finnish-energy-pipeline/data/staging/fmi/weather/date=2026-03-13/station=rovaniemi/data.parquet
2026-03-13 tampere: 288 rows -> /home/maya/github/Finnish-energy-pipeline/data/staging/fmi/weather/date=2026-03-13/station=tampere/data.parquet
2026-03-13 turku: 288 rows -> /home/maya/github/Finnish-energy-pipeline/data/staging/fmi/weather/date=2026-03-13/station=turku/data.parquet
2026-03-13 vaasa: 288 rows -> /home/maya/github/Finnish-energy-pipeline/data/staging/fmi/weather/date=2026-03-13/station=vaasa/data.parquet
2026-03-14 helsinki: 288 rows -> /home/maya/github/Finnish-energy-pipeline/data/staging/fmi/weather/date=2026-03-14/station=helsinki/data.parquet
2026-03-14 oulu: 288 rows -> /home/maya/github/Finnish-energy-pipeline/data/staging/fmi/weather/date=2026-03-14/station=oulu/data.parquet
2026-03-14 rovaniemi: 288 rows -> /home/maya/github/Finnish-energy-pipeline/data/staging/fmi/weather/date=2026-03-14/station=rovaniemi/data.parquet
2026-03-14 tampere: 288 rows -> /home/maya/github/Finnish-energy-pipeline/data/staging/fmi/weather/date=2026-03-14/station=tampere/data.parquet
2026-03-14 turku: 288 rows -> /home/maya/github/Finnish-energy-pipeline/data/staging/fmi/weather/date=2026-03-14/station=turku/data.parquet
2026-03-14 vaasa: 288 rows -> /home/maya/github/Finnish-energy-pipeline/data/staging/fmi/weather/date=2026-03-14/station=vaasa/data.parquet
2026-03-15 helsinki: 288 rows -> /home/maya/github/Finnish-energy-pipeline/data/staging/fmi/weather/date=2026-03-15/station=helsinki/data.parquet
2026-03-15 oulu: 288 rows -> /home/maya/github/Finnish-energy-pipeline/data/staging/fmi/weather/date=2026-03-15/station=oulu/data.parquet
2026-03-15 rovaniemi: 288 rows -> /home/maya/github/Finnish-energy-pipeline/data/staging/fmi/weather/date=2026-03-15/station=rovaniemi/data.parquet
2026-03-15 tampere: 288 rows -> /home/maya/github/Finnish-energy-pipeline/data/staging/fmi/weather/date=2026-03-15/station=tampere/data.parquet
2026-03-15 turku: 288 rows -> /home/maya/github/Finnish-energy-pipeline/data/staging/fmi/weather/date=2026-03-15/station=turku/data.parquet
2026-03-15 vaasa: 288 rows -> /home/maya/github/Finnish-energy-pipeline/data/staging/fmi/weather/date=2026-03-15/station=vaasa/data.parquet
2026-03-16 helsinki: 288 rows -> /home/maya/github/Finnish-energy-pipeline/data/staging/fmi/weather/date=2026-03-16/station=helsinki/data.parquet
2026-03-16 oulu: 288 rows -> /home/maya/github/Finnish-energy-pipeline/data/staging/fmi/weather/date=2026-03-16/station=oulu/data.parquet
2026-03-16 rovaniemi: 288 rows -> /home/maya/github/Finnish-energy-pipeline/data/staging/fmi/weather/date=2026-03-16/station=rovaniemi/data.parquet
2026-03-16 tampere: 288 rows -> /home/maya/github/Finnish-energy-pipeline/data/staging/fmi/weather/date=2026-03-16/station=tampere/data.parquet
2026-03-16 turku: 288 rows -> /home/maya/github/Finnish-energy-pipeline/data/staging/fmi/weather/date=2026-03-16/station=turku/data.parquet
2026-03-16 vaasa: 288 rows -> /home/maya/github/Finnish-energy-pipeline/data/staging/fmi/weather/date=2026-03-16/station=vaasa/data.parquet
2026-03-17 helsinki: 288 rows -> /home/maya/github/Finnish-energy-pipeline/data/staging/fmi/weather/date=2026-03-17/station=helsinki/data.parquet
2026-03-17 oulu: 288 rows -> /home/maya/github/Finnish-energy-pipeline/data/staging/fmi/weather/date=2026-03-17/station=oulu/data.parquet
2026-03-17 rovaniemi: 288 rows -> /home/maya/github/Finnish-energy-pipeline/data/staging/fmi/weather/date=2026-03-17/station=rovaniemi/data.parquet
2026-03-17 tampere: 288 rows -> /home/maya/github/Finnish-energy-pipeline/data/staging/fmi/weather/date=2026-03-17/station=tampere/data.parquet
2026-03-17 turku: 288 rows -> /home/maya/github/Finnish-energy-pipeline/data/staging/fmi/weather/date=2026-03-17/station=turku/data.parquet
2026-03-17 vaasa: 288 rows -> /home/maya/github/Finnish-energy-pipeline/data/staging/fmi/weather/date=2026-03-17/station=vaasa/data.parquet
2026-03-18 helsinki: 288 rows -> /home/maya/github/Finnish-energy-pipeline/data/staging/fmi/weather/date=2026-03-18/station=helsinki/data.parquet
2026-03-18 oulu: 288 rows -> /home/maya/github/Finnish-energy-pipeline/data/staging/fmi/weather/date=2026-03-18/station=oulu/data.parquet
2026-03-18 rovaniemi: 288 rows -> /home/maya/github/Finnish-energy-pipeline/data/staging/fmi/weather/date=2026-03-18/station=rovaniemi/data.parquet
2026-03-18 tampere: 288 rows -> /home/maya/github/Finnish-energy-pipeline/data/staging/fmi/weather/date=2026-03-18/station=tampere/data.parquet
2026-03-18 turku: 288 rows -> /home/maya/github/Finnish-energy-pipeline/data/staging/fmi/weather/date=2026-03-18/station=turku/data.parquet
2026-03-18 vaasa: 288 rows -> /home/maya/github/Finnish-energy-pipeline/data/staging/fmi/weather/date=2026-03-18/station=vaasa/data.parquet
2026-03-19 helsinki: 288 rows -> /home/maya/github/Finnish-energy-pipeline/data/staging/fmi/weather/date=2026-03-19/station=helsinki/data.parquet
2026-03-19 oulu: 288 rows -> /home/maya/github/Finnish-energy-pipeline/data/staging/fmi/weather/date=2026-03-19/station=oulu/data.parquet
2026-03-19 rovaniemi: 288 rows -> /home/maya/github/Finnish-energy-pipeline/data/staging/fmi/weather/date=2026-03-19/station=rovaniemi/data.parquet
2026-03-19 tampere: 288 rows -> /home/maya/github/Finnish-energy-pipeline/data/staging/fmi/weather/date=2026-03-19/station=tampere/data.parquet
2026-03-19 turku: 288 rows -> /home/maya/github/Finnish-energy-pipeline/data/staging/fmi/weather/date=2026-03-19/station=turku/data.parquet
2026-03-19 vaasa: 288 rows -> /home/maya/github/Finnish-energy-pipeline/data/staging/fmi/weather/date=2026-03-19/station=vaasa/data.parquet
2026-03-20 helsinki: 288 rows -> /home/maya/github/Finnish-energy-pipeline/data/staging/fmi/weather/date=2026-03-20/station=helsinki/data.parquet
2026-03-20 oulu: 288 rows -> /home/maya/github/Finnish-energy-pipeline/data/staging/fmi/weather/date=2026-03-20/station=oulu/data.parquet
2026-03-20 rovaniemi: 288 rows -> /home/maya/github/Finnish-energy-pipeline/data/staging/fmi/weather/date=2026-03-20/station=rovaniemi/data.parquet
2026-03-20 tampere: 288 rows -> /home/maya/github/Finnish-energy-pipeline/data/staging/fmi/weather/date=2026-03-20/station=tampere/data.parquet
2026-03-20 turku: 288 rows -> /home/maya/github/Finnish-energy-pipeline/data/staging/fmi/weather/date=2026-03-20/station=turku/data.parquet
2026-03-20 vaasa: 288 rows -> /home/maya/github/Finnish-energy-pipeline/data/staging/fmi/weather/date=2026-03-20/station=vaasa/data.parquet
2026-03-21 helsinki: 288 rows -> /home/maya/github/Finnish-energy-pipeline/data/staging/fmi/weather/date=2026-03-21/station=helsinki/data.parquet
2026-03-21 oulu: 288 rows -> /home/maya/github/Finnish-energy-pipeline/data/staging/fmi/weather/date=2026-03-21/station=oulu/data.parquet
2026-03-21 rovaniemi: 288 rows -> /home/maya/github/Finnish-energy-pipeline/data/staging/fmi/weather/date=2026-03-21/station=rovaniemi/data.parquet
2026-03-21 tampere: 288 rows -> /home/maya/github/Finnish-energy-pipeline/data/staging/fmi/weather/date=2026-03-21/station=tampere/data.parquet
2026-03-21 turku: 288 rows -> /home/maya/github/Finnish-energy-pipeline/data/staging/fmi/weather/date=2026-03-21/station=turku/data.parquet
2026-03-21 vaasa: 288 rows -> /home/maya/github/Finnish-energy-pipeline/data/staging/fmi/weather/date=2026-03-21/station=vaasa/data.parquet
2026-03-22 helsinki: 288 rows -> /home/maya/github/Finnish-energy-pipeline/data/staging/fmi/weather/date=2026-03-22/station=helsinki/data.parquet
2026-03-22 oulu: 288 rows -> /home/maya/github/Finnish-energy-pipeline/data/staging/fmi/weather/date=2026-03-22/station=oulu/data.parquet
2026-03-22 rovaniemi: 288 rows -> /home/maya/github/Finnish-energy-pipeline/data/staging/fmi/weather/date=2026-03-22/station=rovaniemi/data.parquet
2026-03-22 tampere: 288 rows -> /home/maya/github/Finnish-energy-pipeline/data/staging/fmi/weather/date=2026-03-22/station=tampere/data.parquet
2026-03-22 turku: 288 rows -> /home/maya/github/Finnish-energy-pipeline/data/staging/fmi/weather/date=2026-03-22/station=turku/data.parquet
2026-03-22 vaasa: 288 rows -> /home/maya/github/Finnish-energy-pipeline/data/staging/fmi/weather/date=2026-03-22/station=vaasa/data.parquet
2026-03-23 helsinki: 288 rows -> /home/maya/github/Finnish-energy-pipeline/data/staging/fmi/weather/date=2026-03-23/station=helsinki/data.parquet
2026-03-23 oulu: 288 rows -> /home/maya/github/Finnish-energy-pipeline/data/staging/fmi/weather/date=2026-03-23/station=oulu/data.parquet
2026-03-23 rovaniemi: 288 rows -> /home/maya/github/Finnish-energy-pipeline/data/staging/fmi/weather/date=2026-03-23/station=rovaniemi/data.parquet
2026-03-23 tampere: 288 rows -> /home/maya/github/Finnish-energy-pipeline/data/staging/fmi/weather/date=2026-03-23/station=tampere/data.parquet
2026-03-23 turku: 288 rows -> /home/maya/github/Finnish-energy-pipeline/data/staging/fmi/weather/date=2026-03-23/station=turku/data.parquet
2026-03-23 vaasa: 288 rows -> /home/maya/github/Finnish-energy-pipeline/data/staging/fmi/weather/date=2026-03-23/station=vaasa/data.parquet
2026-03-24 helsinki: 288 rows -> /home/maya/github/Finnish-energy-pipeline/data/staging/fmi/weather/date=2026-03-24/station=helsinki/data.parquet
2026-03-24 oulu: 288 rows -> /home/maya/github/Finnish-energy-pipeline/data/staging/fmi/weather/date=2026-03-24/station=oulu/data.parquet
2026-03-24 rovaniemi: 288 rows -> /home/maya/github/Finnish-energy-pipeline/data/staging/fmi/weather/date=2026-03-24/station=rovaniemi/data.parquet
2026-03-24 tampere: 288 rows -> /home/maya/github/Finnish-energy-pipeline/data/staging/fmi/weather/date=2026-03-24/station=tampere/data.parquet
2026-03-24 turku: 288 rows -> /home/maya/github/Finnish-energy-pipeline/data/staging/fmi/weather/date=2026-03-24/station=turku/data.parquet
2026-03-24 vaasa: 288 rows -> /home/maya/github/Finnish-energy-pipeline/data/staging/fmi/weather/date=2026-03-24/station=vaasa/data.parquet
2026-03-25 helsinki: 288 rows -> /home/maya/github/Finnish-energy-pipeline/data/staging/fmi/weather/date=2026-03-25/station=helsinki/data.parquet
2026-03-25 oulu: 288 rows -> /home/maya/github/Finnish-energy-pipeline/data/staging/fmi/weather/date=2026-03-25/station=oulu/data.parquet
2026-03-25 rovaniemi: 288 rows -> /home/maya/github/Finnish-energy-pipeline/data/staging/fmi/weather/date=2026-03-25/station=rovaniemi/data.parquet
2026-03-25 tampere: 288 rows -> /home/maya/github/Finnish-energy-pipeline/data/staging/fmi/weather/date=2026-03-25/station=tampere/data.parquet
2026-03-25 turku: 288 rows -> /home/maya/github/Finnish-energy-pipeline/data/staging/fmi/weather/date=2026-03-25/station=turku/data.parquet
2026-03-25 vaasa: 288 rows -> /home/maya/github/Finnish-energy-pipeline/data/staging/fmi/weather/date=2026-03-25/station=vaasa/data.parquet
2026-03-26 helsinki: 288 rows -> /home/maya/github/Finnish-energy-pipeline/data/staging/fmi/weather/date=2026-03-26/station=helsinki/data.parquet
2026-03-26 oulu: 288 rows -> /home/maya/github/Finnish-energy-pipeline/data/staging/fmi/weather/date=2026-03-26/station=oulu/data.parquet
2026-03-26 rovaniemi: 288 rows -> /home/maya/github/Finnish-energy-pipeline/data/staging/fmi/weather/date=2026-03-26/station=rovaniemi/data.parquet
2026-03-26 tampere: 288 rows -> /home/maya/github/Finnish-energy-pipeline/data/staging/fmi/weather/date=2026-03-26/station=tampere/data.parquet
2026-03-26 turku: 288 rows -> /home/maya/github/Finnish-energy-pipeline/data/staging/fmi/weather/date=2026-03-26/station=turku/data.parquet
2026-03-26 vaasa: 288 rows -> /home/maya/github/Finnish-energy-pipeline/data/staging/fmi/weather/date=2026-03-26/station=vaasa/data.parquet
2026-03-27 helsinki: 288 rows -> /home/maya/github/Finnish-energy-pipeline/data/staging/fmi/weather/date=2026-03-27/station=helsinki/data.parquet
2026-03-27 oulu: 288 rows -> /home/maya/github/Finnish-energy-pipeline/data/staging/fmi/weather/date=2026-03-27/station=oulu/data.parquet
2026-03-27 rovaniemi: 288 rows -> /home/maya/github/Finnish-energy-pipeline/data/staging/fmi/weather/date=2026-03-27/station=rovaniemi/data.parquet
2026-03-27 tampere: 288 rows -> /home/maya/github/Finnish-energy-pipeline/data/staging/fmi/weather/date=2026-03-27/station=tampere/data.parquet
2026-03-27 turku: 288 rows -> /home/maya/github/Finnish-energy-pipeline/data/staging/fmi/weather/date=2026-03-27/station=turku/data.parquet
2026-03-27 vaasa: 288 rows -> /home/maya/github/Finnish-energy-pipeline/data/staging/fmi/weather/date=2026-03-27/station=vaasa/data.parquet
2026-03-28 helsinki: 288 rows -> /home/maya/github/Finnish-energy-pipeline/data/staging/fmi/weather/date=2026-03-28/station=helsinki/data.parquet
2026-03-28 oulu: 288 rows -> /home/maya/github/Finnish-energy-pipeline/data/staging/fmi/weather/date=2026-03-28/station=oulu/data.parquet
2026-03-28 rovaniemi: 288 rows -> /home/maya/github/Finnish-energy-pipeline/data/staging/fmi/weather/date=2026-03-28/station=rovaniemi/data.parquet
2026-03-28 tampere: 288 rows -> /home/maya/github/Finnish-energy-pipeline/data/staging/fmi/weather/date=2026-03-28/station=tampere/data.parquet
2026-03-28 turku: 288 rows -> /home/maya/github/Finnish-energy-pipeline/data/staging/fmi/weather/date=2026-03-28/station=turku/data.parquet
2026-03-28 vaasa: 288 rows -> /home/maya/github/Finnish-energy-pipeline/data/staging/fmi/weather/date=2026-03-28/station=vaasa/data.parquet
2026-03-29 helsinki: 288 rows -> /home/maya/github/Finnish-energy-pipeline/data/staging/fmi/weather/date=2026-03-29/station=helsinki/data.parquet
2026-03-29 oulu: 288 rows -> /home/maya/github/Finnish-energy-pipeline/data/staging/fmi/weather/date=2026-03-29/station=oulu/data.parquet
2026-03-29 rovaniemi: 288 rows -> /home/maya/github/Finnish-energy-pipeline/data/staging/fmi/weather/date=2026-03-29/station=rovaniemi/data.parquet
2026-03-29 tampere: 288 rows -> /home/maya/github/Finnish-energy-pipeline/data/staging/fmi/weather/date=2026-03-29/station=tampere/data.parquet
2026-03-29 turku: 288 rows -> /home/maya/github/Finnish-energy-pipeline/data/staging/fmi/weather/date=2026-03-29/station=turku/data.parquet
2026-03-29 vaasa: 288 rows -> /home/maya/github/Finnish-energy-pipeline/data/staging/fmi/weather/date=2026-03-29/station=vaasa/data.parquet
2026-03-30 helsinki: 288 rows -> /home/maya/github/Finnish-energy-pipeline/data/staging/fmi/weather/date=2026-03-30/station=helsinki/data.parquet
2026-03-30 oulu: 288 rows -> /home/maya/github/Finnish-energy-pipeline/data/staging/fmi/weather/date=2026-03-30/station=oulu/data.parquet
2026-03-30 rovaniemi: 288 rows -> /home/maya/github/Finnish-energy-pipeline/data/staging/fmi/weather/date=2026-03-30/station=rovaniemi/data.parquet
2026-03-30 tampere: 288 rows -> /home/maya/github/Finnish-energy-pipeline/data/staging/fmi/weather/date=2026-03-30/station=tampere/data.parquet
2026-03-30 turku: 288 rows -> /home/maya/github/Finnish-energy-pipeline/data/staging/fmi/weather/date=2026-03-30/station=turku/data.parquet
2026-03-30 vaasa: 288 rows -> /home/maya/github/Finnish-energy-pipeline/data/staging/fmi/weather/date=2026-03-30/station=vaasa/data.parquet
2026-03-31 helsinki: 288 rows -> /home/maya/github/Finnish-energy-pipeline/data/staging/fmi/weather/date=2026-03-31/station=helsinki/data.parquet
2026-03-31 oulu: 288 rows -> /home/maya/github/Finnish-energy-pipeline/data/staging/fmi/weather/date=2026-03-31/station=oulu/data.parquet
2026-03-31 rovaniemi: 288 rows -> /home/maya/github/Finnish-energy-pipeline/data/staging/fmi/weather/date=2026-03-31/station=rovaniemi/data.parquet
2026-03-31 tampere: 288 rows -> /home/maya/github/Finnish-energy-pipeline/data/staging/fmi/weather/date=2026-03-31/station=tampere/data.parquet
2026-03-31 turku: 288 rows -> /home/maya/github/Finnish-energy-pipeline/data/staging/fmi/weather/date=2026-03-31/station=turku/data.parquet
2026-03-31 vaasa: 288 rows -> /home/maya/github/Finnish-energy-pipeline/data/staging/fmi/weather/date=2026-03-31/station=vaasa/data.parquet
2026-04-01 helsinki: 288 rows -> /home/maya/github/Finnish-energy-pipeline/data/staging/fmi/weather/date=2026-04-01/station=helsinki/data.parquet
2026-04-01 oulu: 288 rows -> /home/maya/github/Finnish-energy-pipeline/data/staging/fmi/weather/date=2026-04-01/station=oulu/data.parquet
2026-04-01 rovaniemi: 288 rows -> /home/maya/github/Finnish-energy-pipeline/data/staging/fmi/weather/date=2026-04-01/station=rovaniemi/data.parquet
2026-04-01 tampere: 288 rows -> /home/maya/github/Finnish-energy-pipeline/data/staging/fmi/weather/date=2026-04-01/station=tampere/data.parquet
2026-04-01 turku: 288 rows -> /home/maya/github/Finnish-energy-pipeline/data/staging/fmi/weather/date=2026-04-01/station=turku/data.parquet
2026-04-01 vaasa: 288 rows -> /home/maya/github/Finnish-energy-pipeline/data/staging/fmi/weather/date=2026-04-01/station=vaasa/data.parquet
2026-04-02 helsinki: 288 rows -> /home/maya/github/Finnish-energy-pipeline/data/staging/fmi/weather/date=2026-04-02/station=helsinki/data.parquet
2026-04-02 oulu: 288 rows -> /home/maya/github/Finnish-energy-pipeline/data/staging/fmi/weather/date=2026-04-02/station=oulu/data.parquet
2026-04-02 rovaniemi: 288 rows -> /home/maya/github/Finnish-energy-pipeline/data/staging/fmi/weather/date=2026-04-02/station=rovaniemi/data.parquet
2026-04-02 tampere: 288 rows -> /home/maya/github/Finnish-energy-pipeline/data/staging/fmi/weather/date=2026-04-02/station=tampere/data.parquet
2026-04-02 turku: 288 rows -> /home/maya/github/Finnish-energy-pipeline/data/staging/fmi/weather/date=2026-04-02/station=turku/data.parquet
2026-04-02 vaasa: 288 rows -> /home/maya/github/Finnish-energy-pipeline/data/staging/fmi/weather/date=2026-04-02/station=vaasa/data.parquet
2026-04-03 helsinki: 288 rows -> /home/maya/github/Finnish-energy-pipeline/data/staging/fmi/weather/date=2026-04-03/station=helsinki/data.parquet
2026-04-03 oulu: 288 rows -> /home/maya/github/Finnish-energy-pipeline/data/staging/fmi/weather/date=2026-04-03/station=oulu/data.parquet
2026-04-03 rovaniemi: 288 rows -> /home/maya/github/Finnish-energy-pipeline/data/staging/fmi/weather/date=2026-04-03/station=rovaniemi/data.parquet
2026-04-03 tampere: 288 rows -> /home/maya/github/Finnish-energy-pipeline/data/staging/fmi/weather/date=2026-04-03/station=tampere/data.parquet
2026-04-03 turku: 288 rows -> /home/maya/github/Finnish-energy-pipeline/data/staging/fmi/weather/date=2026-04-03/station=turku/data.parquet
2026-04-03 vaasa: 288 rows -> /home/maya/github/Finnish-energy-pipeline/data/staging/fmi/weather/date=2026-04-03/station=vaasa/data.parquet
2026-04-04 helsinki: 288 rows -> /home/maya/github/Finnish-energy-pipeline/data/staging/fmi/weather/date=2026-04-04/station=helsinki/data.parquet
2026-04-04 oulu: 288 rows -> /home/maya/github/Finnish-energy-pipeline/data/staging/fmi/weather/date=2026-04-04/station=oulu/data.parquet
2026-04-04 rovaniemi: 288 rows -> /home/maya/github/Finnish-energy-pipeline/data/staging/fmi/weather/date=2026-04-04/station=rovaniemi/data.parquet
2026-04-04 tampere: 288 rows -> /home/maya/github/Finnish-energy-pipeline/data/staging/fmi/weather/date=2026-04-04/station=tampere/data.parquet
2026-04-04 turku: 288 rows -> /home/maya/github/Finnish-energy-pipeline/data/staging/fmi/weather/date=2026-04-04/station=turku/data.parquet
2026-04-04 vaasa: 288 rows -> /home/maya/github/Finnish-energy-pipeline/data/staging/fmi/weather/date=2026-04-04/station=vaasa/data.parquet
2026-04-05 helsinki: 288 rows -> /home/maya/github/Finnish-energy-pipeline/data/staging/fmi/weather/date=2026-04-05/station=helsinki/data.parquet
2026-04-05 oulu: 288 rows -> /home/maya/github/Finnish-energy-pipeline/data/staging/fmi/weather/date=2026-04-05/station=oulu/data.parquet
2026-04-05 rovaniemi: 288 rows -> /home/maya/github/Finnish-energy-pipeline/data/staging/fmi/weather/date=2026-04-05/station=rovaniemi/data.parquet
2026-04-05 tampere: 288 rows -> /home/maya/github/Finnish-energy-pipeline/data/staging/fmi/weather/date=2026-04-05/station=tampere/data.parquet
2026-04-05 turku: 288 rows -> /home/maya/github/Finnish-energy-pipeline/data/staging/fmi/weather/date=2026-04-05/station=turku/data.parquet
2026-04-05 vaasa: 288 rows -> /home/maya/github/Finnish-energy-pipeline/data/staging/fmi/weather/date=2026-04-05/station=vaasa/data.parquet
2026-04-06 helsinki: 288 rows -> /home/maya/github/Finnish-energy-pipeline/data/staging/fmi/weather/date=2026-04-06/station=helsinki/data.parquet
2026-04-06 oulu: 288 rows -> /home/maya/github/Finnish-energy-pipeline/data/staging/fmi/weather/date=2026-04-06/station=oulu/data.parquet
2026-04-06 rovaniemi: 288 rows -> /home/maya/github/Finnish-energy-pipeline/data/staging/fmi/weather/date=2026-04-06/station=rovaniemi/data.parquet
2026-04-06 tampere: 288 rows -> /home/maya/github/Finnish-energy-pipeline/data/staging/fmi/weather/date=2026-04-06/station=tampere/data.parquet
2026-04-06 turku: 288 rows -> /home/maya/github/Finnish-energy-pipeline/data/staging/fmi/weather/date=2026-04-06/station=turku/data.parquet
2026-04-06 vaasa: 288 rows -> /home/maya/github/Finnish-energy-pipeline/data/staging/fmi/weather/date=2026-04-06/station=vaasa/data.parquet
2026-04-07 helsinki: 288 rows -> /home/maya/github/Finnish-energy-pipeline/data/staging/fmi/weather/date=2026-04-07/station=helsinki/data.parquet
2026-04-07 oulu: 288 rows -> /home/maya/github/Finnish-energy-pipeline/data/staging/fmi/weather/date=2026-04-07/station=oulu/data.parquet
2026-04-07 rovaniemi: 288 rows -> /home/maya/github/Finnish-energy-pipeline/data/staging/fmi/weather/date=2026-04-07/station=rovaniemi/data.parquet
2026-04-07 tampere: 288 rows -> /home/maya/github/Finnish-energy-pipeline/data/staging/fmi/weather/date=2026-04-07/station=tampere/data.parquet
2026-04-07 turku: 288 rows -> /home/maya/github/Finnish-energy-pipeline/data/staging/fmi/weather/date=2026-04-07/station=turku/data.parquet
2026-04-07 vaasa: 288 rows -> /home/maya/github/Finnish-energy-pipeline/data/staging/fmi/weather/date=2026-04-07/station=vaasa/data.parquet
2026-04-08 helsinki: 288 rows -> /home/maya/github/Finnish-energy-pipeline/data/staging/fmi/weather/date=2026-04-08/station=helsinki/data.parquet
2026-04-08 oulu: 288 rows -> /home/maya/github/Finnish-energy-pipeline/data/staging/fmi/weather/date=2026-04-08/station=oulu/data.parquet
2026-04-08 rovaniemi: 288 rows -> /home/maya/github/Finnish-energy-pipeline/data/staging/fmi/weather/date=2026-04-08/station=rovaniemi/data.parquet
2026-04-08 tampere: 288 rows -> /home/maya/github/Finnish-energy-pipeline/data/staging/fmi/weather/date=2026-04-08/station=tampere/data.parquet
2026-04-08 turku: 288 rows -> /home/maya/github/Finnish-energy-pipeline/data/staging/fmi/weather/date=2026-04-08/station=turku/data.parquet
2026-04-08 vaasa: 288 rows -> /home/maya/github/Finnish-energy-pipeline/data/staging/fmi/weather/date=2026-04-08/station=vaasa/data.parquet
2026-04-09 helsinki: 288 rows -> /home/maya/github/Finnish-energy-pipeline/data/staging/fmi/weather/date=2026-04-09/station=helsinki/data.parquet
2026-04-09 oulu: 288 rows -> /home/maya/github/Finnish-energy-pipeline/data/staging/fmi/weather/date=2026-04-09/station=oulu/data.parquet
2026-04-09 rovaniemi: 288 rows -> /home/maya/github/Finnish-energy-pipeline/data/staging/fmi/weather/date=2026-04-09/station=rovaniemi/data.parquet
2026-04-09 tampere: 288 rows -> /home/maya/github/Finnish-energy-pipeline/data/staging/fmi/weather/date=2026-04-09/station=tampere/data.parquet
2026-04-09 turku: 288 rows -> /home/maya/github/Finnish-energy-pipeline/data/staging/fmi/weather/date=2026-04-09/station=turku/data.parquet
2026-04-09 vaasa: 288 rows -> /home/maya/github/Finnish-energy-pipeline/data/staging/fmi/weather/date=2026-04-09/station=vaasa/data.parquet
2026-04-10 helsinki: 288 rows -> /home/maya/github/Finnish-energy-pipeline/data/staging/fmi/weather/date=2026-04-10/station=helsinki/data.parquet
2026-04-10 oulu: 288 rows -> /home/maya/github/Finnish-energy-pipeline/data/staging/fmi/weather/date=2026-04-10/station=oulu/data.parquet
2026-04-10 rovaniemi: 288 rows -> /home/maya/github/Finnish-energy-pipeline/data/staging/fmi/weather/date=2026-04-10/station=rovaniemi/data.parquet
2026-04-10 tampere: 288 rows -> /home/maya/github/Finnish-energy-pipeline/data/staging/fmi/weather/date=2026-04-10/station=tampere/data.parquet
2026-04-10 turku: 288 rows -> /home/maya/github/Finnish-energy-pipeline/data/staging/fmi/weather/date=2026-04-10/station=turku/data.parquet
2026-04-10 vaasa: 288 rows -> /home/maya/github/Finnish-energy-pipeline/data/staging/fmi/weather/date=2026-04-10/station=vaasa/data.parquet
2026-04-11 helsinki: 288 rows -> /home/maya/github/Finnish-energy-pipeline/data/staging/fmi/weather/date=2026-04-11/station=helsinki/data.parquet
2026-04-11 oulu: 288 rows -> /home/maya/github/Finnish-energy-pipeline/data/staging/fmi/weather/date=2026-04-11/station=oulu/data.parquet
2026-04-11 rovaniemi: 288 rows -> /home/maya/github/Finnish-energy-pipeline/data/staging/fmi/weather/date=2026-04-11/station=rovaniemi/data.parquet
2026-04-11 tampere: 288 rows -> /home/maya/github/Finnish-energy-pipeline/data/staging/fmi/weather/date=2026-04-11/station=tampere/data.parquet
2026-04-11 turku: 288 rows -> /home/maya/github/Finnish-energy-pipeline/data/staging/fmi/weather/date=2026-04-11/station=turku/data.parquet
2026-04-11 vaasa: 288 rows -> /home/maya/github/Finnish-energy-pipeline/data/staging/fmi/weather/date=2026-04-11/station=vaasa/data.parquet
2026-04-12 helsinki: 288 rows -> /home/maya/github/Finnish-energy-pipeline/data/staging/fmi/weather/date=2026-04-12/station=helsinki/data.parquet
2026-04-12 oulu: 288 rows -> /home/maya/github/Finnish-energy-pipeline/data/staging/fmi/weather/date=2026-04-12/station=oulu/data.parquet
2026-04-12 rovaniemi: 288 rows -> /home/maya/github/Finnish-energy-pipeline/data/staging/fmi/weather/date=2026-04-12/station=rovaniemi/data.parquet
2026-04-12 tampere: 288 rows -> /home/maya/github/Finnish-energy-pipeline/data/staging/fmi/weather/date=2026-04-12/station=tampere/data.parquet
2026-04-12 turku: 288 rows -> /home/maya/github/Finnish-energy-pipeline/data/staging/fmi/weather/date=2026-04-12/station=turku/data.parquet
2026-04-12 vaasa: 288 rows -> /home/maya/github/Finnish-energy-pipeline/data/staging/fmi/weather/date=2026-04-12/station=vaasa/data.parquet
2026-04-13 helsinki: 288 rows -> /home/maya/github/Finnish-energy-pipeline/data/staging/fmi/weather/date=2026-04-13/station=helsinki/data.parquet
2026-04-13 oulu: 288 rows -> /home/maya/github/Finnish-energy-pipeline/data/staging/fmi/weather/date=2026-04-13/station=oulu/data.parquet
2026-04-13 rovaniemi: 288 rows -> /home/maya/github/Finnish-energy-pipeline/data/staging/fmi/weather/date=2026-04-13/station=rovaniemi/data.parquet
2026-04-13 tampere: 288 rows -> /home/maya/github/Finnish-energy-pipeline/data/staging/fmi/weather/date=2026-04-13/station=tampere/data.parquet
2026-04-13 turku: 288 rows -> /home/maya/github/Finnish-energy-pipeline/data/staging/fmi/weather/date=2026-04-13/station=turku/data.parquet
2026-04-13 vaasa: 288 rows -> /home/maya/github/Finnish-energy-pipeline/data/staging/fmi/weather/date=2026-04-13/station=vaasa/data.parquet
2026-04-14 helsinki: 288 rows -> /home/maya/github/Finnish-energy-pipeline/data/staging/fmi/weather/date=2026-04-14/station=helsinki/data.parquet
2026-04-14 oulu: 288 rows -> /home/maya/github/Finnish-energy-pipeline/data/staging/fmi/weather/date=2026-04-14/station=oulu/data.parquet
2026-04-14 rovaniemi: 288 rows -> /home/maya/github/Finnish-energy-pipeline/data/staging/fmi/weather/date=2026-04-14/station=rovaniemi/data.parquet
2026-04-14 tampere: 288 rows -> /home/maya/github/Finnish-energy-pipeline/data/staging/fmi/weather/date=2026-04-14/station=tampere/data.parquet
2026-04-14 turku: 288 rows -> /home/maya/github/Finnish-energy-pipeline/data/staging/fmi/weather/date=2026-04-14/station=turku/data.parquet
2026-04-14 vaasa: 288 rows -> /home/maya/github/Finnish-energy-pipeline/data/staging/fmi/weather/date=2026-04-14/station=vaasa/data.parquet
2026-04-15 helsinki: 288 rows -> /home/maya/github/Finnish-energy-pipeline/data/staging/fmi/weather/date=2026-04-15/station=helsinki/data.parquet
2026-04-15 oulu: 288 rows -> /home/maya/github/Finnish-energy-pipeline/data/staging/fmi/weather/date=2026-04-15/station=oulu/data.parquet
2026-04-15 rovaniemi: 288 rows -> /home/maya/github/Finnish-energy-pipeline/data/staging/fmi/weather/date=2026-04-15/station=rovaniemi/data.parquet
2026-04-15 tampere: 288 rows -> /home/maya/github/Finnish-energy-pipeline/data/staging/fmi/weather/date=2026-04-15/station=tampere/data.parquet
2026-04-15 turku: 288 rows -> /home/maya/github/Finnish-energy-pipeline/data/staging/fmi/weather/date=2026-04-15/station=turku/data.parquet
2026-04-15 vaasa: 288 rows -> /home/maya/github/Finnish-energy-pipeline/data/staging/fmi/weather/date=2026-04-15/station=vaasa/data.parquet
2026-04-16 helsinki: 288 rows -> /home/maya/github/Finnish-energy-pipeline/data/staging/fmi/weather/date=2026-04-16/station=helsinki/data.parquet
2026-04-16 oulu: 288 rows -> /home/maya/github/Finnish-energy-pipeline/data/staging/fmi/weather/date=2026-04-16/station=oulu/data.parquet
2026-04-16 rovaniemi: 288 rows -> /home/maya/github/Finnish-energy-pipeline/data/staging/fmi/weather/date=2026-04-16/station=rovaniemi/data.parquet
2026-04-16 tampere: 288 rows -> /home/maya/github/Finnish-energy-pipeline/data/staging/fmi/weather/date=2026-04-16/station=tampere/data.parquet
2026-04-16 turku: 288 rows -> /home/maya/github/Finnish-energy-pipeline/data/staging/fmi/weather/date=2026-04-16/station=turku/data.parquet
2026-04-16 vaasa: 288 rows -> /home/maya/github/Finnish-energy-pipeline/data/staging/fmi/weather/date=2026-04-16/station=vaasa/data.parquet
2026-04-17 helsinki: 288 rows -> /home/maya/github/Finnish-energy-pipeline/data/staging/fmi/weather/date=2026-04-17/station=helsinki/data.parquet
2026-04-17 oulu: 288 rows -> /home/maya/github/Finnish-energy-pipeline/data/staging/fmi/weather/date=2026-04-17/station=oulu/data.parquet
2026-04-17 rovaniemi: 288 rows -> /home/maya/github/Finnish-energy-pipeline/data/staging/fmi/weather/date=2026-04-17/station=rovaniemi/data.parquet
2026-04-17 tampere: 288 rows -> /home/maya/github/Finnish-energy-pipeline/data/staging/fmi/weather/date=2026-04-17/station=tampere/data.parquet
2026-04-17 turku: 288 rows -> /home/maya/github/Finnish-energy-pipeline/data/staging/fmi/weather/date=2026-04-17/station=turku/data.parquet
2026-04-17 vaasa: 288 rows -> /home/maya/github/Finnish-energy-pipeline/data/staging/fmi/weather/date=2026-04-17/station=vaasa/data.parquet
2026-04-18 helsinki: 288 rows -> /home/maya/github/Finnish-energy-pipeline/data/staging/fmi/weather/date=2026-04-18/station=helsinki/data.parquet
2026-04-18 oulu: 288 rows -> /home/maya/github/Finnish-energy-pipeline/data/staging/fmi/weather/date=2026-04-18/station=oulu/data.parquet
2026-04-18 rovaniemi: 288 rows -> /home/maya/github/Finnish-energy-pipeline/data/staging/fmi/weather/date=2026-04-18/station=rovaniemi/data.parquet
2026-04-18 tampere: 288 rows -> /home/maya/github/Finnish-energy-pipeline/data/staging/fmi/weather/date=2026-04-18/station=tampere/data.parquet
2026-04-18 turku: 288 rows -> /home/maya/github/Finnish-energy-pipeline/data/staging/fmi/weather/date=2026-04-18/station=turku/data.parquet
2026-04-18 vaasa: 288 rows -> /home/maya/github/Finnish-energy-pipeline/data/staging/fmi/weather/date=2026-04-18/station=vaasa/data.parquet
2026-04-19 helsinki: 288 rows -> /home/maya/github/Finnish-energy-pipeline/data/staging/fmi/weather/date=2026-04-19/station=helsinki/data.parquet
2026-04-19 oulu: 288 rows -> /home/maya/github/Finnish-energy-pipeline/data/staging/fmi/weather/date=2026-04-19/station=oulu/data.parquet
2026-04-19 rovaniemi: 288 rows -> /home/maya/github/Finnish-energy-pipeline/data/staging/fmi/weather/date=2026-04-19/station=rovaniemi/data.parquet
2026-04-19 tampere: 288 rows -> /home/maya/github/Finnish-energy-pipeline/data/staging/fmi/weather/date=2026-04-19/station=tampere/data.parquet
2026-04-19 turku: 288 rows -> /home/maya/github/Finnish-energy-pipeline/data/staging/fmi/weather/date=2026-04-19/station=turku/data.parquet
2026-04-19 vaasa: 288 rows -> /home/maya/github/Finnish-energy-pipeline/data/staging/fmi/weather/date=2026-04-19/station=vaasa/data.parquet
2026-04-20 helsinki: 288 rows -> /home/maya/github/Finnish-energy-pipeline/data/staging/fmi/weather/date=2026-04-20/station=helsinki/data.parquet
2026-04-20 oulu: 288 rows -> /home/maya/github/Finnish-energy-pipeline/data/staging/fmi/weather/date=2026-04-20/station=oulu/data.parquet
2026-04-20 rovaniemi: 288 rows -> /home/maya/github/Finnish-energy-pipeline/data/staging/fmi/weather/date=2026-04-20/station=rovaniemi/data.parquet
2026-04-20 tampere: 288 rows -> /home/maya/github/Finnish-energy-pipeline/data/staging/fmi/weather/date=2026-04-20/station=tampere/data.parquet
2026-04-20 turku: 288 rows -> /home/maya/github/Finnish-energy-pipeline/data/staging/fmi/weather/date=2026-04-20/station=turku/data.parquet
2026-04-20 vaasa: 288 rows -> /home/maya/github/Finnish-energy-pipeline/data/staging/fmi/weather/date=2026-04-20/station=vaasa/data.parquet
2026-04-21 helsinki: 288 rows -> /home/maya/github/Finnish-energy-pipeline/data/staging/fmi/weather/date=2026-04-21/station=helsinki/data.parquet
2026-04-21 oulu: 288 rows -> /home/maya/github/Finnish-energy-pipeline/data/staging/fmi/weather/date=2026-04-21/station=oulu/data.parquet
2026-04-21 rovaniemi: 288 rows -> /home/maya/github/Finnish-energy-pipeline/data/staging/fmi/weather/date=2026-04-21/station=rovaniemi/data.parquet
2026-04-21 tampere: 288 rows -> /home/maya/github/Finnish-energy-pipeline/data/staging/fmi/weather/date=2026-04-21/station=tampere/data.parquet
2026-04-21 turku: 288 rows -> /home/maya/github/Finnish-energy-pipeline/data/staging/fmi/weather/date=2026-04-21/station=turku/data.parquet
2026-04-21 vaasa: 288 rows -> /home/maya/github/Finnish-energy-pipeline/data/staging/fmi/weather/date=2026-04-21/station=vaasa/data.parquet
2026-04-22 helsinki: 288 rows -> /home/maya/github/Finnish-energy-pipeline/data/staging/fmi/weather/date=2026-04-22/station=helsinki/data.parquet
2026-04-22 oulu: 288 rows -> /home/maya/github/Finnish-energy-pipeline/data/staging/fmi/weather/date=2026-04-22/station=oulu/data.parquet
2026-04-22 rovaniemi: 288 rows -> /home/maya/github/Finnish-energy-pipeline/data/staging/fmi/weather/date=2026-04-22/station=rovaniemi/data.parquet
2026-04-22 tampere: 288 rows -> /home/maya/github/Finnish-energy-pipeline/data/staging/fmi/weather/date=2026-04-22/station=tampere/data.parquet
2026-04-22 turku: 288 rows -> /home/maya/github/Finnish-energy-pipeline/data/staging/fmi/weather/date=2026-04-22/station=turku/data.parquet
2026-04-22 vaasa: 288 rows -> /home/maya/github/Finnish-energy-pipeline/data/staging/fmi/weather/date=2026-04-22/station=vaasa/data.parquet
2026-04-23 helsinki: 288 rows -> /home/maya/github/Finnish-energy-pipeline/data/staging/fmi/weather/date=2026-04-23/station=helsinki/data.parquet
2026-04-23 oulu: 288 rows -> /home/maya/github/Finnish-energy-pipeline/data/staging/fmi/weather/date=2026-04-23/station=oulu/data.parquet
2026-04-23 rovaniemi: 288 rows -> /home/maya/github/Finnish-energy-pipeline/data/staging/fmi/weather/date=2026-04-23/station=rovaniemi/data.parquet
2026-04-23 tampere: 288 rows -> /home/maya/github/Finnish-energy-pipeline/data/staging/fmi/weather/date=2026-04-23/station=tampere/data.parquet
2026-04-23 turku: 288 rows -> /home/maya/github/Finnish-energy-pipeline/data/staging/fmi/weather/date=2026-04-23/station=turku/data.parquet
2026-04-23 vaasa: 288 rows -> /home/maya/github/Finnish-energy-pipeline/data/staging/fmi/weather/date=2026-04-23/station=vaasa/data.parquet
2026-04-24 helsinki: 288 rows -> /home/maya/github/Finnish-energy-pipeline/data/staging/fmi/weather/date=2026-04-24/station=helsinki/data.parquet
2026-04-24 oulu: 288 rows -> /home/maya/github/Finnish-energy-pipeline/data/staging/fmi/weather/date=2026-04-24/station=oulu/data.parquet
2026-04-24 rovaniemi: 288 rows -> /home/maya/github/Finnish-energy-pipeline/data/staging/fmi/weather/date=2026-04-24/station=rovaniemi/data.parquet
2026-04-24 tampere: 288 rows -> /home/maya/github/Finnish-energy-pipeline/data/staging/fmi/weather/date=2026-04-24/station=tampere/data.parquet
2026-04-24 turku: 288 rows -> /home/maya/github/Finnish-energy-pipeline/data/staging/fmi/weather/date=2026-04-24/station=turku/data.parquet
2026-04-24 vaasa: 288 rows -> /home/maya/github/Finnish-energy-pipeline/data/staging/fmi/weather/date=2026-04-24/station=vaasa/data.parquet
2026-04-25 helsinki: 288 rows -> /home/maya/github/Finnish-energy-pipeline/data/staging/fmi/weather/date=2026-04-25/station=helsinki/data.parquet
2026-04-25 oulu: 288 rows -> /home/maya/github/Finnish-energy-pipeline/data/staging/fmi/weather/date=2026-04-25/station=oulu/data.parquet
2026-04-25 rovaniemi: 288 rows -> /home/maya/github/Finnish-energy-pipeline/data/staging/fmi/weather/date=2026-04-25/station=rovaniemi/data.parquet
2026-04-25 tampere: 288 rows -> /home/maya/github/Finnish-energy-pipeline/data/staging/fmi/weather/date=2026-04-25/station=tampere/data.parquet
2026-04-25 turku: 288 rows -> /home/maya/github/Finnish-energy-pipeline/data/staging/fmi/weather/date=2026-04-25/station=turku/data.parquet
2026-04-25 vaasa: 288 rows -> /home/maya/github/Finnish-energy-pipeline/data/staging/fmi/weather/date=2026-04-25/station=vaasa/data.parquet
2026-04-26 helsinki: 288 rows -> /home/maya/github/Finnish-energy-pipeline/data/staging/fmi/weather/date=2026-04-26/station=helsinki/data.parquet
2026-04-26 oulu: 288 rows -> /home/maya/github/Finnish-energy-pipeline/data/staging/fmi/weather/date=2026-04-26/station=oulu/data.parquet
2026-04-26 rovaniemi: 288 rows -> /home/maya/github/Finnish-energy-pipeline/data/staging/fmi/weather/date=2026-04-26/station=rovaniemi/data.parquet
2026-04-26 tampere: 288 rows -> /home/maya/github/Finnish-energy-pipeline/data/staging/fmi/weather/date=2026-04-26/station=tampere/data.parquet
2026-04-26 turku: 288 rows -> /home/maya/github/Finnish-energy-pipeline/data/staging/fmi/weather/date=2026-04-26/station=turku/data.parquet
2026-04-26 vaasa: 288 rows -> /home/maya/github/Finnish-energy-pipeline/data/staging/fmi/weather/date=2026-04-26/station=vaasa/data.parquet
2026-04-27 helsinki: 288 rows -> /home/maya/github/Finnish-energy-pipeline/data/staging/fmi/weather/date=2026-04-27/station=helsinki/data.parquet
2026-04-27 oulu: 288 rows -> /home/maya/github/Finnish-energy-pipeline/data/staging/fmi/weather/date=2026-04-27/station=oulu/data.parquet
2026-04-27 rovaniemi: 288 rows -> /home/maya/github/Finnish-energy-pipeline/data/staging/fmi/weather/date=2026-04-27/station=rovaniemi/data.parquet
2026-04-27 tampere: 288 rows -> /home/maya/github/Finnish-energy-pipeline/data/staging/fmi/weather/date=2026-04-27/station=tampere/data.parquet
2026-04-27 turku: 288 rows -> /home/maya/github/Finnish-energy-pipeline/data/staging/fmi/weather/date=2026-04-27/station=turku/data.parquet
2026-04-27 vaasa: 288 rows -> /home/maya/github/Finnish-energy-pipeline/data/staging/fmi/weather/date=2026-04-27/station=vaasa/data.parquet
2026-04-28 helsinki: 288 rows -> /home/maya/github/Finnish-energy-pipeline/data/staging/fmi/weather/date=2026-04-28/station=helsinki/data.parquet
2026-04-28 oulu: 288 rows -> /home/maya/github/Finnish-energy-pipeline/data/staging/fmi/weather/date=2026-04-28/station=oulu/data.parquet
2026-04-28 rovaniemi: 288 rows -> /home/maya/github/Finnish-energy-pipeline/data/staging/fmi/weather/date=2026-04-28/station=rovaniemi/data.parquet
2026-04-28 tampere: 288 rows -> /home/maya/github/Finnish-energy-pipeline/data/staging/fmi/weather/date=2026-04-28/station=tampere/data.parquet
2026-04-28 turku: 288 rows -> /home/maya/github/Finnish-energy-pipeline/data/staging/fmi/weather/date=2026-04-28/station=turku/data.parquet
2026-04-28 vaasa: 288 rows -> /home/maya/github/Finnish-energy-pipeline/data/staging/fmi/weather/date=2026-04-28/station=vaasa/data.parquet
2026-04-29 helsinki: 288 rows -> /home/maya/github/Finnish-energy-pipeline/data/staging/fmi/weather/date=2026-04-29/station=helsinki/data.parquet
2026-04-29 oulu: 288 rows -> /home/maya/github/Finnish-energy-pipeline/data/staging/fmi/weather/date=2026-04-29/station=oulu/data.parquet
2026-04-29 rovaniemi: 288 rows -> /home/maya/github/Finnish-energy-pipeline/data/staging/fmi/weather/date=2026-04-29/station=rovaniemi/data.parquet
2026-04-29 tampere: 288 rows -> /home/maya/github/Finnish-energy-pipeline/data/staging/fmi/weather/date=2026-04-29/station=tampere/data.parquet
2026-04-29 turku: 288 rows -> /home/maya/github/Finnish-energy-pipeline/data/staging/fmi/weather/date=2026-04-29/station=turku/data.parquet
2026-04-29 vaasa: 288 rows -> /home/maya/github/Finnish-energy-pipeline/data/staging/fmi/weather/date=2026-04-29/station=vaasa/data.parquet
2026-04-30 helsinki: 288 rows -> /home/maya/github/Finnish-energy-pipeline/data/staging/fmi/weather/date=2026-04-30/station=helsinki/data.parquet
2026-04-30 oulu: 288 rows -> /home/maya/github/Finnish-energy-pipeline/data/staging/fmi/weather/date=2026-04-30/station=oulu/data.parquet
2026-04-30 rovaniemi: 288 rows -> /home/maya/github/Finnish-energy-pipeline/data/staging/fmi/weather/date=2026-04-30/station=rovaniemi/data.parquet
2026-04-30 tampere: 288 rows -> /home/maya/github/Finnish-energy-pipeline/data/staging/fmi/weather/date=2026-04-30/station=tampere/data.parquet
2026-04-30 turku: 288 rows -> /home/maya/github/Finnish-energy-pipeline/data/staging/fmi/weather/date=2026-04-30/station=turku/data.parquet
2026-04-30 vaasa: 288 rows -> /home/maya/github/Finnish-energy-pipeline/data/staging/fmi/weather/date=2026-04-30/station=vaasa/data.parquet
2026-05-01 helsinki: 288 rows -> /home/maya/github/Finnish-energy-pipeline/data/staging/fmi/weather/date=2026-05-01/station=helsinki/data.parquet
2026-05-01 oulu: 288 rows -> /home/maya/github/Finnish-energy-pipeline/data/staging/fmi/weather/date=2026-05-01/station=oulu/data.parquet
2026-05-01 rovaniemi: 288 rows -> /home/maya/github/Finnish-energy-pipeline/data/staging/fmi/weather/date=2026-05-01/station=rovaniemi/data.parquet
2026-05-01 tampere: 288 rows -> /home/maya/github/Finnish-energy-pipeline/data/staging/fmi/weather/date=2026-05-01/station=tampere/data.parquet
2026-05-01 turku: 288 rows -> /home/maya/github/Finnish-energy-pipeline/data/staging/fmi/weather/date=2026-05-01/station=turku/data.parquet
2026-05-01 vaasa: 288 rows -> /home/maya/github/Finnish-energy-pipeline/data/staging/fmi/weather/date=2026-05-01/station=vaasa/data.parquet
2026-05-02 helsinki: 288 rows -> /home/maya/github/Finnish-energy-pipeline/data/staging/fmi/weather/date=2026-05-02/station=helsinki/data.parquet
2026-05-02 oulu: 288 rows -> /home/maya/github/Finnish-energy-pipeline/data/staging/fmi/weather/date=2026-05-02/station=oulu/data.parquet
2026-05-02 rovaniemi: 288 rows -> /home/maya/github/Finnish-energy-pipeline/data/staging/fmi/weather/date=2026-05-02/station=rovaniemi/data.parquet
2026-05-02 tampere: 288 rows -> /home/maya/github/Finnish-energy-pipeline/data/staging/fmi/weather/date=2026-05-02/station=tampere/data.parquet
2026-05-02 turku: 288 rows -> /home/maya/github/Finnish-energy-pipeline/data/staging/fmi/weather/date=2026-05-02/station=turku/data.parquet
2026-05-02 vaasa: 288 rows -> /home/maya/github/Finnish-energy-pipeline/data/staging/fmi/weather/date=2026-05-02/station=vaasa/data.parquet
2026-05-03 helsinki: 288 rows -> /home/maya/github/Finnish-energy-pipeline/data/staging/fmi/weather/date=2026-05-03/station=helsinki/data.parquet
2026-05-03 oulu: 288 rows -> /home/maya/github/Finnish-energy-pipeline/data/staging/fmi/weather/date=2026-05-03/station=oulu/data.parquet
2026-05-03 rovaniemi: 288 rows -> /home/maya/github/Finnish-energy-pipeline/data/staging/fmi/weather/date=2026-05-03/station=rovaniemi/data.parquet
2026-05-03 tampere: 288 rows -> /home/maya/github/Finnish-energy-pipeline/data/staging/fmi/weather/date=2026-05-03/station=tampere/data.parquet
2026-05-03 turku: 288 rows -> /home/maya/github/Finnish-energy-pipeline/data/staging/fmi/weather/date=2026-05-03/station=turku/data.parquet
2026-05-03 vaasa: 288 rows -> /home/maya/github/Finnish-energy-pipeline/data/staging/fmi/weather/date=2026-05-03/station=vaasa/data.parquet
2026-05-04 helsinki: 288 rows -> /home/maya/github/Finnish-energy-pipeline/data/staging/fmi/weather/date=2026-05-04/station=helsinki/data.parquet
2026-05-04 oulu: 288 rows -> /home/maya/github/Finnish-energy-pipeline/data/staging/fmi/weather/date=2026-05-04/station=oulu/data.parquet
2026-05-04 rovaniemi: 288 rows -> /home/maya/github/Finnish-energy-pipeline/data/staging/fmi/weather/date=2026-05-04/station=rovaniemi/data.parquet
2026-05-04 tampere: 288 rows -> /home/maya/github/Finnish-energy-pipeline/data/staging/fmi/weather/date=2026-05-04/station=tampere/data.parquet
2026-05-04 turku: 288 rows -> /home/maya/github/Finnish-energy-pipeline/data/staging/fmi/weather/date=2026-05-04/station=turku/data.parquet
2026-05-04 vaasa: 288 rows -> /home/maya/github/Finnish-energy-pipeline/data/staging/fmi/weather/date=2026-05-04/station=vaasa/data.parquet
2026-05-05 helsinki: 288 rows -> /home/maya/github/Finnish-energy-pipeline/data/staging/fmi/weather/date=2026-05-05/station=helsinki/data.parquet
2026-05-05 oulu: 288 rows -> /home/maya/github/Finnish-energy-pipeline/data/staging/fmi/weather/date=2026-05-05/station=oulu/data.parquet
2026-05-05 rovaniemi: 288 rows -> /home/maya/github/Finnish-energy-pipeline/data/staging/fmi/weather/date=2026-05-05/station=rovaniemi/data.parquet
2026-05-05 tampere: 288 rows -> /home/maya/github/Finnish-energy-pipeline/data/staging/fmi/weather/date=2026-05-05/station=tampere/data.parquet
2026-05-05 turku: 288 rows -> /home/maya/github/Finnish-energy-pipeline/data/staging/fmi/weather/date=2026-05-05/station=turku/data.parquet
2026-05-05 vaasa: 288 rows -> /home/maya/github/Finnish-energy-pipeline/data/staging/fmi/weather/date=2026-05-05/station=vaasa/data.parquet
2026-05-06 helsinki: 288 rows -> /home/maya/github/Finnish-energy-pipeline/data/staging/fmi/weather/date=2026-05-06/station=helsinki/data.parquet
2026-05-06 oulu: 288 rows -> /home/maya/github/Finnish-energy-pipeline/data/staging/fmi/weather/date=2026-05-06/station=oulu/data.parquet
2026-05-06 rovaniemi: 288 rows -> /home/maya/github/Finnish-energy-pipeline/data/staging/fmi/weather/date=2026-05-06/station=rovaniemi/data.parquet
2026-05-06 tampere: 288 rows -> /home/maya/github/Finnish-energy-pipeline/data/staging/fmi/weather/date=2026-05-06/station=tampere/data.parquet
2026-05-06 turku: 288 rows -> /home/maya/github/Finnish-energy-pipeline/data/staging/fmi/weather/date=2026-05-06/station=turku/data.parquet
2026-05-06 vaasa: 288 rows -> /home/maya/github/Finnish-energy-pipeline/data/staging/fmi/weather/date=2026-05-06/station=vaasa/data.parquet
2026-05-07 helsinki: 288 rows -> /home/maya/github/Finnish-energy-pipeline/data/staging/fmi/weather/date=2026-05-07/station=helsinki/data.parquet
2026-05-07 oulu: 288 rows -> /home/maya/github/Finnish-energy-pipeline/data/staging/fmi/weather/date=2026-05-07/station=oulu/data.parquet
2026-05-07 rovaniemi: 288 rows -> /home/maya/github/Finnish-energy-pipeline/data/staging/fmi/weather/date=2026-05-07/station=rovaniemi/data.parquet
2026-05-07 tampere: 288 rows -> /home/maya/github/Finnish-energy-pipeline/data/staging/fmi/weather/date=2026-05-07/station=tampere/data.parquet
2026-05-07 turku: 288 rows -> /home/maya/github/Finnish-energy-pipeline/data/staging/fmi/weather/date=2026-05-07/station=turku/data.parquet
2026-05-07 vaasa: 288 rows -> /home/maya/github/Finnish-energy-pipeline/data/staging/fmi/weather/date=2026-05-07/station=vaasa/data.parquet
2026-05-08 helsinki: 288 rows -> /home/maya/github/Finnish-energy-pipeline/data/staging/fmi/weather/date=2026-05-08/station=helsinki/data.parquet
2026-05-08 oulu: 288 rows -> /home/maya/github/Finnish-energy-pipeline/data/staging/fmi/weather/date=2026-05-08/station=oulu/data.parquet
2026-05-08 rovaniemi: 288 rows -> /home/maya/github/Finnish-energy-pipeline/data/staging/fmi/weather/date=2026-05-08/station=rovaniemi/data.parquet
2026-05-08 tampere: 288 rows -> /home/maya/github/Finnish-energy-pipeline/data/staging/fmi/weather/date=2026-05-08/station=tampere/data.parquet
2026-05-08 turku: 288 rows -> /home/maya/github/Finnish-energy-pipeline/data/staging/fmi/weather/date=2026-05-08/station=turku/data.parquet
2026-05-08 vaasa: 288 rows -> /home/maya/github/Finnish-energy-pipeline/data/staging/fmi/weather/date=2026-05-08/station=vaasa/data.parquet
2026-05-09 helsinki: 288 rows -> /home/maya/github/Finnish-energy-pipeline/data/staging/fmi/weather/date=2026-05-09/station=helsinki/data.parquet
2026-05-09 oulu: 288 rows -> /home/maya/github/Finnish-energy-pipeline/data/staging/fmi/weather/date=2026-05-09/station=oulu/data.parquet
2026-05-09 rovaniemi: 288 rows -> /home/maya/github/Finnish-energy-pipeline/data/staging/fmi/weather/date=2026-05-09/station=rovaniemi/data.parquet
2026-05-09 tampere: 288 rows -> /home/maya/github/Finnish-energy-pipeline/data/staging/fmi/weather/date=2026-05-09/station=tampere/data.parquet
2026-05-09 turku: 288 rows -> /home/maya/github/Finnish-energy-pipeline/data/staging/fmi/weather/date=2026-05-09/station=turku/data.parquet
2026-05-09 vaasa: 288 rows -> /home/maya/github/Finnish-energy-pipeline/data/staging/fmi/weather/date=2026-05-09/station=vaasa/data.parquet
2026-05-10 helsinki: 288 rows -> /home/maya/github/Finnish-energy-pipeline/data/staging/fmi/weather/date=2026-05-10/station=helsinki/data.parquet
2026-05-10 oulu: 288 rows -> /home/maya/github/Finnish-energy-pipeline/data/staging/fmi/weather/date=2026-05-10/station=oulu/data.parquet
2026-05-10 rovaniemi: 288 rows -> /home/maya/github/Finnish-energy-pipeline/data/staging/fmi/weather/date=2026-05-10/station=rovaniemi/data.parquet
2026-05-10 tampere: 288 rows -> /home/maya/github/Finnish-energy-pipeline/data/staging/fmi/weather/date=2026-05-10/station=tampere/data.parquet
2026-05-10 turku: 288 rows -> /home/maya/github/Finnish-energy-pipeline/data/staging/fmi/weather/date=2026-05-10/station=turku/data.parquet
2026-05-10 vaasa: 288 rows -> /home/maya/github/Finnish-energy-pipeline/data/staging/fmi/weather/date=2026-05-10/station=vaasa/data.parquet
2026-05-11 helsinki: 288 rows -> /home/maya/github/Finnish-energy-pipeline/data/staging/fmi/weather/date=2026-05-11/station=helsinki/data.parquet
2026-05-11 oulu: 288 rows -> /home/maya/github/Finnish-energy-pipeline/data/staging/fmi/weather/date=2026-05-11/station=oulu/data.parquet
2026-05-11 rovaniemi: 288 rows -> /home/maya/github/Finnish-energy-pipeline/data/staging/fmi/weather/date=2026-05-11/station=rovaniemi/data.parquet
2026-05-11 tampere: 288 rows -> /home/maya/github/Finnish-energy-pipeline/data/staging/fmi/weather/date=2026-05-11/station=tampere/data.parquet
2026-05-11 turku: 288 rows -> /home/maya/github/Finnish-energy-pipeline/data/staging/fmi/weather/date=2026-05-11/station=turku/data.parquet
2026-05-11 vaasa: 288 rows -> /home/maya/github/Finnish-energy-pipeline/data/staging/fmi/weather/date=2026-05-11/station=vaasa/data.parquet
2026-05-12 helsinki: 288 rows -> /home/maya/github/Finnish-energy-pipeline/data/staging/fmi/weather/date=2026-05-12/station=helsinki/data.parquet
2026-05-12 oulu: 288 rows -> /home/maya/github/Finnish-energy-pipeline/data/staging/fmi/weather/date=2026-05-12/station=oulu/data.parquet
2026-05-12 rovaniemi: 288 rows -> /home/maya/github/Finnish-energy-pipeline/data/staging/fmi/weather/date=2026-05-12/station=rovaniemi/data.parquet
2026-05-12 tampere: 288 rows -> /home/maya/github/Finnish-energy-pipeline/data/staging/fmi/weather/date=2026-05-12/station=tampere/data.parquet
2026-05-12 turku: 288 rows -> /home/maya/github/Finnish-energy-pipeline/data/staging/fmi/weather/date=2026-05-12/station=turku/data.parquet
2026-05-12 vaasa: 288 rows -> /home/maya/github/Finnish-energy-pipeline/data/staging/fmi/weather/date=2026-05-12/station=vaasa/data.parquet
2026-05-13 helsinki: 288 rows -> /home/maya/github/Finnish-energy-pipeline/data/staging/fmi/weather/date=2026-05-13/station=helsinki/data.parquet
2026-05-13 oulu: 288 rows -> /home/maya/github/Finnish-energy-pipeline/data/staging/fmi/weather/date=2026-05-13/station=oulu/data.parquet
2026-05-13 rovaniemi: 288 rows -> /home/maya/github/Finnish-energy-pipeline/data/staging/fmi/weather/date=2026-05-13/station=rovaniemi/data.parquet
2026-05-13 tampere: 288 rows -> /home/maya/github/Finnish-energy-pipeline/data/staging/fmi/weather/date=2026-05-13/station=tampere/data.parquet
2026-05-13 turku: 288 rows -> /home/maya/github/Finnish-energy-pipeline/data/staging/fmi/weather/date=2026-05-13/station=turku/data.parquet
2026-05-13 vaasa: 288 rows -> /home/maya/github/Finnish-energy-pipeline/data/staging/fmi/weather/date=2026-05-13/station=vaasa/data.parquet
2026-05-14 helsinki: 288 rows -> /home/maya/github/Finnish-energy-pipeline/data/staging/fmi/weather/date=2026-05-14/station=helsinki/data.parquet
2026-05-14 oulu: 288 rows -> /home/maya/github/Finnish-energy-pipeline/data/staging/fmi/weather/date=2026-05-14/station=oulu/data.parquet
2026-05-14 rovaniemi: 288 rows -> /home/maya/github/Finnish-energy-pipeline/data/staging/fmi/weather/date=2026-05-14/station=rovaniemi/data.parquet
2026-05-14 tampere: 288 rows -> /home/maya/github/Finnish-energy-pipeline/data/staging/fmi/weather/date=2026-05-14/station=tampere/data.parquet
2026-05-14 turku: 288 rows -> /home/maya/github/Finnish-energy-pipeline/data/staging/fmi/weather/date=2026-05-14/station=turku/data.parquet
2026-05-14 vaasa: 288 rows -> /home/maya/github/Finnish-energy-pipeline/data/staging/fmi/weather/date=2026-05-14/station=vaasa/data.parquet
2026-05-15 helsinki: 288 rows -> /home/maya/github/Finnish-energy-pipeline/data/staging/fmi/weather/date=2026-05-15/station=helsinki/data.parquet
2026-05-15 oulu: 288 rows -> /home/maya/github/Finnish-energy-pipeline/data/staging/fmi/weather/date=2026-05-15/station=oulu/data.parquet
2026-05-15 rovaniemi: 288 rows -> /home/maya/github/Finnish-energy-pipeline/data/staging/fmi/weather/date=2026-05-15/station=rovaniemi/data.parquet
2026-05-15 tampere: 288 rows -> /home/maya/github/Finnish-energy-pipeline/data/staging/fmi/weather/date=2026-05-15/station=tampere/data.parquet
2026-05-15 turku: 288 rows -> /home/maya/github/Finnish-energy-pipeline/data/staging/fmi/weather/date=2026-05-15/station=turku/data.parquet
2026-05-15 vaasa: 288 rows -> /home/maya/github/Finnish-energy-pipeline/data/staging/fmi/weather/date=2026-05-15/station=vaasa/data.parquet
2026-05-16 helsinki: 288 rows -> /home/maya/github/Finnish-energy-pipeline/data/staging/fmi/weather/date=2026-05-16/station=helsinki/data.parquet
2026-05-16 oulu: 288 rows -> /home/maya/github/Finnish-energy-pipeline/data/staging/fmi/weather/date=2026-05-16/station=oulu/data.parquet
2026-05-16 rovaniemi: 288 rows -> /home/maya/github/Finnish-energy-pipeline/data/staging/fmi/weather/date=2026-05-16/station=rovaniemi/data.parquet
2026-05-16 tampere: 288 rows -> /home/maya/github/Finnish-energy-pipeline/data/staging/fmi/weather/date=2026-05-16/station=tampere/data.parquet
2026-05-16 turku: 288 rows -> /home/maya/github/Finnish-energy-pipeline/data/staging/fmi/weather/date=2026-05-16/station=turku/data.parquet
2026-05-16 vaasa: 288 rows -> /home/maya/github/Finnish-energy-pipeline/data/staging/fmi/weather/date=2026-05-16/station=vaasa/data.parquet
2026-05-17 helsinki: 288 rows -> /home/maya/github/Finnish-energy-pipeline/data/staging/fmi/weather/date=2026-05-17/station=helsinki/data.parquet
2026-05-17 oulu: 288 rows -> /home/maya/github/Finnish-energy-pipeline/data/staging/fmi/weather/date=2026-05-17/station=oulu/data.parquet
2026-05-17 rovaniemi: 288 rows -> /home/maya/github/Finnish-energy-pipeline/data/staging/fmi/weather/date=2026-05-17/station=rovaniemi/data.parquet
2026-05-17 tampere: 288 rows -> /home/maya/github/Finnish-energy-pipeline/data/staging/fmi/weather/date=2026-05-17/station=tampere/data.parquet
2026-05-17 turku: 288 rows -> /home/maya/github/Finnish-energy-pipeline/data/staging/fmi/weather/date=2026-05-17/station=turku/data.parquet
2026-05-17 vaasa: 288 rows -> /home/maya/github/Finnish-energy-pipeline/data/staging/fmi/weather/date=2026-05-17/station=vaasa/data.parquet
2026-05-18 helsinki: 288 rows -> /home/maya/github/Finnish-energy-pipeline/data/staging/fmi/weather/date=2026-05-18/station=helsinki/data.parquet
2026-05-18 oulu: 288 rows -> /home/maya/github/Finnish-energy-pipeline/data/staging/fmi/weather/date=2026-05-18/station=oulu/data.parquet
2026-05-18 rovaniemi: 288 rows -> /home/maya/github/Finnish-energy-pipeline/data/staging/fmi/weather/date=2026-05-18/station=rovaniemi/data.parquet
2026-05-18 tampere: 288 rows -> /home/maya/github/Finnish-energy-pipeline/data/staging/fmi/weather/date=2026-05-18/station=tampere/data.parquet
2026-05-18 turku: 288 rows -> /home/maya/github/Finnish-energy-pipeline/data/staging/fmi/weather/date=2026-05-18/station=turku/data.parquet
2026-05-18 vaasa: 288 rows -> /home/maya/github/Finnish-energy-pipeline/data/staging/fmi/weather/date=2026-05-18/station=vaasa/data.parquet
2026-05-19 helsinki: 288 rows -> /home/maya/github/Finnish-energy-pipeline/data/staging/fmi/weather/date=2026-05-19/station=helsinki/data.parquet
2026-05-19 oulu: 288 rows -> /home/maya/github/Finnish-energy-pipeline/data/staging/fmi/weather/date=2026-05-19/station=oulu/data.parquet
2026-05-19 rovaniemi: 288 rows -> /home/maya/github/Finnish-energy-pipeline/data/staging/fmi/weather/date=2026-05-19/station=rovaniemi/data.parquet
2026-05-19 tampere: 288 rows -> /home/maya/github/Finnish-energy-pipeline/data/staging/fmi/weather/date=2026-05-19/station=tampere/data.parquet
2026-05-19 turku: 288 rows -> /home/maya/github/Finnish-energy-pipeline/data/staging/fmi/weather/date=2026-05-19/station=turku/data.parquet
2026-05-19 vaasa: 288 rows -> /home/maya/github/Finnish-energy-pipeline/data/staging/fmi/weather/date=2026-05-19/station=vaasa/data.parquet
2026-05-20 helsinki: 288 rows -> /home/maya/github/Finnish-energy-pipeline/data/staging/fmi/weather/date=2026-05-20/station=helsinki/data.parquet
2026-05-20 oulu: 288 rows -> /home/maya/github/Finnish-energy-pipeline/data/staging/fmi/weather/date=2026-05-20/station=oulu/data.parquet
2026-05-20 rovaniemi: 288 rows -> /home/maya/github/Finnish-energy-pipeline/data/staging/fmi/weather/date=2026-05-20/station=rovaniemi/data.parquet
2026-05-20 tampere: 288 rows -> /home/maya/github/Finnish-energy-pipeline/data/staging/fmi/weather/date=2026-05-20/station=tampere/data.parquet
2026-05-20 turku: 288 rows -> /home/maya/github/Finnish-energy-pipeline/data/staging/fmi/weather/date=2026-05-20/station=turku/data.parquet
2026-05-20 vaasa: 288 rows -> /home/maya/github/Finnish-energy-pipeline/data/staging/fmi/weather/date=2026-05-20/station=vaasa/data.parquet
2026-05-21 helsinki: 288 rows -> /home/maya/github/Finnish-energy-pipeline/data/staging/fmi/weather/date=2026-05-21/station=helsinki/data.parquet
2026-05-21 oulu: 288 rows -> /home/maya/github/Finnish-energy-pipeline/data/staging/fmi/weather/date=2026-05-21/station=oulu/data.parquet
2026-05-21 rovaniemi: 288 rows -> /home/maya/github/Finnish-energy-pipeline/data/staging/fmi/weather/date=2026-05-21/station=rovaniemi/data.parquet
2026-05-21 tampere: 288 rows -> /home/maya/github/Finnish-energy-pipeline/data/staging/fmi/weather/date=2026-05-21/station=tampere/data.parquet
2026-05-21 turku: 288 rows -> /home/maya/github/Finnish-energy-pipeline/data/staging/fmi/weather/date=2026-05-21/station=turku/data.parquet
2026-05-21 vaasa: 288 rows -> /home/maya/github/Finnish-energy-pipeline/data/staging/fmi/weather/date=2026-05-21/station=vaasa/data.parquet
2026-05-22 helsinki: 288 rows -> /home/maya/github/Finnish-energy-pipeline/data/staging/fmi/weather/date=2026-05-22/station=helsinki/data.parquet
2026-05-22 oulu: 288 rows -> /home/maya/github/Finnish-energy-pipeline/data/staging/fmi/weather/date=2026-05-22/station=oulu/data.parquet
2026-05-22 rovaniemi: 288 rows -> /home/maya/github/Finnish-energy-pipeline/data/staging/fmi/weather/date=2026-05-22/station=rovaniemi/data.parquet
2026-05-22 tampere: 288 rows -> /home/maya/github/Finnish-energy-pipeline/data/staging/fmi/weather/date=2026-05-22/station=tampere/data.parquet
2026-05-22 turku: 288 rows -> /home/maya/github/Finnish-energy-pipeline/data/staging/fmi/weather/date=2026-05-22/station=turku/data.parquet
2026-05-22 vaasa: 288 rows -> /home/maya/github/Finnish-energy-pipeline/data/staging/fmi/weather/date=2026-05-22/station=vaasa/data.parquet
2026-05-23 helsinki: 288 rows -> /home/maya/github/Finnish-energy-pipeline/data/staging/fmi/weather/date=2026-05-23/station=helsinki/data.parquet
2026-05-23 oulu: 288 rows -> /home/maya/github/Finnish-energy-pipeline/data/staging/fmi/weather/date=2026-05-23/station=oulu/data.parquet
2026-05-23 rovaniemi: 288 rows -> /home/maya/github/Finnish-energy-pipeline/data/staging/fmi/weather/date=2026-05-23/station=rovaniemi/data.parquet
2026-05-23 tampere: 288 rows -> /home/maya/github/Finnish-energy-pipeline/data/staging/fmi/weather/date=2026-05-23/station=tampere/data.parquet
2026-05-23 turku: 288 rows -> /home/maya/github/Finnish-energy-pipeline/data/staging/fmi/weather/date=2026-05-23/station=turku/data.parquet
2026-05-23 vaasa: 288 rows -> /home/maya/github/Finnish-energy-pipeline/data/staging/fmi/weather/date=2026-05-23/station=vaasa/data.parquet
2026-05-24 helsinki: 288 rows -> /home/maya/github/Finnish-energy-pipeline/data/staging/fmi/weather/date=2026-05-24/station=helsinki/data.parquet
2026-05-24 oulu: 288 rows -> /home/maya/github/Finnish-energy-pipeline/data/staging/fmi/weather/date=2026-05-24/station=oulu/data.parquet
2026-05-24 rovaniemi: 288 rows -> /home/maya/github/Finnish-energy-pipeline/data/staging/fmi/weather/date=2026-05-24/station=rovaniemi/data.parquet
2026-05-24 tampere: 288 rows -> /home/maya/github/Finnish-energy-pipeline/data/staging/fmi/weather/date=2026-05-24/station=tampere/data.parquet
2026-05-24 turku: 288 rows -> /home/maya/github/Finnish-energy-pipeline/data/staging/fmi/weather/date=2026-05-24/station=turku/data.parquet
2026-05-24 vaasa: 288 rows -> /home/maya/github/Finnish-energy-pipeline/data/staging/fmi/weather/date=2026-05-24/station=vaasa/data.parquet
2026-05-25 helsinki: 288 rows -> /home/maya/github/Finnish-energy-pipeline/data/staging/fmi/weather/date=2026-05-25/station=helsinki/data.parquet
2026-05-25 oulu: 288 rows -> /home/maya/github/Finnish-energy-pipeline/data/staging/fmi/weather/date=2026-05-25/station=oulu/data.parquet
2026-05-25 rovaniemi: 288 rows -> /home/maya/github/Finnish-energy-pipeline/data/staging/fmi/weather/date=2026-05-25/station=rovaniemi/data.parquet
2026-05-25 tampere: 288 rows -> /home/maya/github/Finnish-energy-pipeline/data/staging/fmi/weather/date=2026-05-25/station=tampere/data.parquet
2026-05-25 turku: 288 rows -> /home/maya/github/Finnish-energy-pipeline/data/staging/fmi/weather/date=2026-05-25/station=turku/data.parquet
2026-05-25 vaasa: 288 rows -> /home/maya/github/Finnish-energy-pipeline/data/staging/fmi/weather/date=2026-05-25/station=vaasa/data.parquet
2026-05-26 helsinki: 288 rows -> /home/maya/github/Finnish-energy-pipeline/data/staging/fmi/weather/date=2026-05-26/station=helsinki/data.parquet
2026-05-26 oulu: 288 rows -> /home/maya/github/Finnish-energy-pipeline/data/staging/fmi/weather/date=2026-05-26/station=oulu/data.parquet
2026-05-26 rovaniemi: 288 rows -> /home/maya/github/Finnish-energy-pipeline/data/staging/fmi/weather/date=2026-05-26/station=rovaniemi/data.parquet
2026-05-26 tampere: 288 rows -> /home/maya/github/Finnish-energy-pipeline/data/staging/fmi/weather/date=2026-05-26/station=tampere/data.parquet
2026-05-26 turku: 288 rows -> /home/maya/github/Finnish-energy-pipeline/data/staging/fmi/weather/date=2026-05-26/station=turku/data.parquet
2026-05-26 vaasa: 288 rows -> /home/maya/github/Finnish-energy-pipeline/data/staging/fmi/weather/date=2026-05-26/station=vaasa/data.parquet
2026-05-27 helsinki: 288 rows -> /home/maya/github/Finnish-energy-pipeline/data/staging/fmi/weather/date=2026-05-27/station=helsinki/data.parquet
2026-05-27 oulu: 288 rows -> /home/maya/github/Finnish-energy-pipeline/data/staging/fmi/weather/date=2026-05-27/station=oulu/data.parquet
2026-05-27 rovaniemi: 288 rows -> /home/maya/github/Finnish-energy-pipeline/data/staging/fmi/weather/date=2026-05-27/station=rovaniemi/data.parquet
2026-05-27 tampere: 288 rows -> /home/maya/github/Finnish-energy-pipeline/data/staging/fmi/weather/date=2026-05-27/station=tampere/data.parquet
2026-05-27 turku: 288 rows -> /home/maya/github/Finnish-energy-pipeline/data/staging/fmi/weather/date=2026-05-27/station=turku/data.parquet
2026-05-27 vaasa: 288 rows -> /home/maya/github/Finnish-energy-pipeline/data/staging/fmi/weather/date=2026-05-27/station=vaasa/data.parquet
2026-05-28 helsinki: 288 rows -> /home/maya/github/Finnish-energy-pipeline/data/staging/fmi/weather/date=2026-05-28/station=helsinki/data.parquet
2026-05-28 oulu: 288 rows -> /home/maya/github/Finnish-energy-pipeline/data/staging/fmi/weather/date=2026-05-28/station=oulu/data.parquet
2026-05-28 rovaniemi: 288 rows -> /home/maya/github/Finnish-energy-pipeline/data/staging/fmi/weather/date=2026-05-28/station=rovaniemi/data.parquet
2026-05-28 tampere: 288 rows -> /home/maya/github/Finnish-energy-pipeline/data/staging/fmi/weather/date=2026-05-28/station=tampere/data.parquet
2026-05-28 turku: 288 rows -> /home/maya/github/Finnish-energy-pipeline/data/staging/fmi/weather/date=2026-05-28/station=turku/data.parquet
2026-05-28 vaasa: 288 rows -> /home/maya/github/Finnish-energy-pipeline/data/staging/fmi/weather/date=2026-05-28/station=vaasa/data.parquet
2026-05-29 helsinki: 288 rows -> /home/maya/github/Finnish-energy-pipeline/data/staging/fmi/weather/date=2026-05-29/station=helsinki/data.parquet
2026-05-29 oulu: 288 rows -> /home/maya/github/Finnish-energy-pipeline/data/staging/fmi/weather/date=2026-05-29/station=oulu/data.parquet
2026-05-29 rovaniemi: 288 rows -> /home/maya/github/Finnish-energy-pipeline/data/staging/fmi/weather/date=2026-05-29/station=rovaniemi/data.parquet
2026-05-29 tampere: 288 rows -> /home/maya/github/Finnish-energy-pipeline/data/staging/fmi/weather/date=2026-05-29/station=tampere/data.parquet
2026-05-29 turku: 288 rows -> /home/maya/github/Finnish-energy-pipeline/data/staging/fmi/weather/date=2026-05-29/station=turku/data.parquet
2026-05-29 vaasa: 288 rows -> /home/maya/github/Finnish-energy-pipeline/data/staging/fmi/weather/date=2026-05-29/station=vaasa/data.parquet
2026-05-30 helsinki: 288 rows -> /home/maya/github/Finnish-energy-pipeline/data/staging/fmi/weather/date=2026-05-30/station=helsinki/data.parquet
2026-05-30 oulu: 288 rows -> /home/maya/github/Finnish-energy-pipeline/data/staging/fmi/weather/date=2026-05-30/station=oulu/data.parquet
2026-05-30 rovaniemi: 288 rows -> /home/maya/github/Finnish-energy-pipeline/data/staging/fmi/weather/date=2026-05-30/station=rovaniemi/data.parquet
2026-05-30 tampere: 288 rows -> /home/maya/github/Finnish-energy-pipeline/data/staging/fmi/weather/date=2026-05-30/station=tampere/data.parquet
2026-05-30 turku: 288 rows -> /home/maya/github/Finnish-energy-pipeline/data/staging/fmi/weather/date=2026-05-30/station=turku/data.parquet
2026-05-30 vaasa: 288 rows -> /home/maya/github/Finnish-energy-pipeline/data/staging/fmi/weather/date=2026-05-30/station=vaasa/data.parquet
2026-05-31 helsinki: 288 rows -> /home/maya/github/Finnish-energy-pipeline/data/staging/fmi/weather/date=2026-05-31/station=helsinki/data.parquet
2026-05-31 oulu: 288 rows -> /home/maya/github/Finnish-energy-pipeline/data/staging/fmi/weather/date=2026-05-31/station=oulu/data.parquet
2026-05-31 rovaniemi: 288 rows -> /home/maya/github/Finnish-energy-pipeline/data/staging/fmi/weather/date=2026-05-31/station=rovaniemi/data.parquet
2026-05-31 tampere: 288 rows -> /home/maya/github/Finnish-energy-pipeline/data/staging/fmi/weather/date=2026-05-31/station=tampere/data.parquet
2026-05-31 turku: 288 rows -> /home/maya/github/Finnish-energy-pipeline/data/staging/fmi/weather/date=2026-05-31/station=turku/data.parquet
2026-05-31 vaasa: 288 rows -> /home/maya/github/Finnish-energy-pipeline/data/staging/fmi/weather/date=2026-05-31/station=vaasa/data.parquet
2026-06-01 helsinki: 288 rows -> /home/maya/github/Finnish-energy-pipeline/data/staging/fmi/weather/date=2026-06-01/station=helsinki/data.parquet
2026-06-01 oulu: 288 rows -> /home/maya/github/Finnish-energy-pipeline/data/staging/fmi/weather/date=2026-06-01/station=oulu/data.parquet
2026-06-01 rovaniemi: 288 rows -> /home/maya/github/Finnish-energy-pipeline/data/staging/fmi/weather/date=2026-06-01/station=rovaniemi/data.parquet
2026-06-01 tampere: 288 rows -> /home/maya/github/Finnish-energy-pipeline/data/staging/fmi/weather/date=2026-06-01/station=tampere/data.parquet
2026-06-01 turku: 288 rows -> /home/maya/github/Finnish-energy-pipeline/data/staging/fmi/weather/date=2026-06-01/station=turku/data.parquet
2026-06-01 vaasa: 288 rows -> /home/maya/github/Finnish-energy-pipeline/data/staging/fmi/weather/date=2026-06-01/station=vaasa/data.parquet
2026-06-02 helsinki: 288 rows -> /home/maya/github/Finnish-energy-pipeline/data/staging/fmi/weather/date=2026-06-02/station=helsinki/data.parquet
2026-06-02 oulu: 288 rows -> /home/maya/github/Finnish-energy-pipeline/data/staging/fmi/weather/date=2026-06-02/station=oulu/data.parquet
2026-06-02 rovaniemi: 288 rows -> /home/maya/github/Finnish-energy-pipeline/data/staging/fmi/weather/date=2026-06-02/station=rovaniemi/data.parquet
2026-06-02 tampere: 288 rows -> /home/maya/github/Finnish-energy-pipeline/data/staging/fmi/weather/date=2026-06-02/station=tampere/data.parquet
2026-06-02 turku: 288 rows -> /home/maya/github/Finnish-energy-pipeline/data/staging/fmi/weather/date=2026-06-02/station=turku/data.parquet
2026-06-02 vaasa: 288 rows -> /home/maya/github/Finnish-energy-pipeline/data/staging/fmi/weather/date=2026-06-02/station=vaasa/data.parquet
2026-06-03 helsinki: 288 rows -> /home/maya/github/Finnish-energy-pipeline/data/staging/fmi/weather/date=2026-06-03/station=helsinki/data.parquet
2026-06-03 oulu: 288 rows -> /home/maya/github/Finnish-energy-pipeline/data/staging/fmi/weather/date=2026-06-03/station=oulu/data.parquet
2026-06-03 rovaniemi: 288 rows -> /home/maya/github/Finnish-energy-pipeline/data/staging/fmi/weather/date=2026-06-03/station=rovaniemi/data.parquet
2026-06-03 tampere: 288 rows -> /home/maya/github/Finnish-energy-pipeline/data/staging/fmi/weather/date=2026-06-03/station=tampere/data.parquet
2026-06-03 turku: 288 rows -> /home/maya/github/Finnish-energy-pipeline/data/staging/fmi/weather/date=2026-06-03/station=turku/data.parquet
2026-06-03 vaasa: 288 rows -> /home/maya/github/Finnish-energy-pipeline/data/staging/fmi/weather/date=2026-06-03/station=vaasa/data.parquet
2026-06-04 helsinki: 288 rows -> /home/maya/github/Finnish-energy-pipeline/data/staging/fmi/weather/date=2026-06-04/station=helsinki/data.parquet
2026-06-04 oulu: 288 rows -> /home/maya/github/Finnish-energy-pipeline/data/staging/fmi/weather/date=2026-06-04/station=oulu/data.parquet
2026-06-04 rovaniemi: 288 rows -> /home/maya/github/Finnish-energy-pipeline/data/staging/fmi/weather/date=2026-06-04/station=rovaniemi/data.parquet
2026-06-04 tampere: 288 rows -> /home/maya/github/Finnish-energy-pipeline/data/staging/fmi/weather/date=2026-06-04/station=tampere/data.parquet
2026-06-04 turku: 288 rows -> /home/maya/github/Finnish-energy-pipeline/data/staging/fmi/weather/date=2026-06-04/station=turku/data.parquet
2026-06-04 vaasa: 288 rows -> /home/maya/github/Finnish-energy-pipeline/data/staging/fmi/weather/date=2026-06-04/station=vaasa/data.parquet
2026-06-05 helsinki: 288 rows -> /home/maya/github/Finnish-energy-pipeline/data/staging/fmi/weather/date=2026-06-05/station=helsinki/data.parquet
2026-06-05 oulu: 288 rows -> /home/maya/github/Finnish-energy-pipeline/data/staging/fmi/weather/date=2026-06-05/station=oulu/data.parquet
2026-06-05 rovaniemi: 288 rows -> /home/maya/github/Finnish-energy-pipeline/data/staging/fmi/weather/date=2026-06-05/station=rovaniemi/data.parquet
2026-06-05 tampere: 288 rows -> /home/maya/github/Finnish-energy-pipeline/data/staging/fmi/weather/date=2026-06-05/station=tampere/data.parquet
2026-06-05 turku: 288 rows -> /home/maya/github/Finnish-energy-pipeline/data/staging/fmi/weather/date=2026-06-05/station=turku/data.parquet
2026-06-05 vaasa: 288 rows -> /home/maya/github/Finnish-energy-pipeline/data/staging/fmi/weather/date=2026-06-05/station=vaasa/data.parquet
2026-06-06 helsinki: 288 rows -> /home/maya/github/Finnish-energy-pipeline/data/staging/fmi/weather/date=2026-06-06/station=helsinki/data.parquet
2026-06-06 oulu: 288 rows -> /home/maya/github/Finnish-energy-pipeline/data/staging/fmi/weather/date=2026-06-06/station=oulu/data.parquet
2026-06-06 rovaniemi: 288 rows -> /home/maya/github/Finnish-energy-pipeline/data/staging/fmi/weather/date=2026-06-06/station=rovaniemi/data.parquet
2026-06-06 tampere: 288 rows -> /home/maya/github/Finnish-energy-pipeline/data/staging/fmi/weather/date=2026-06-06/station=tampere/data.parquet
2026-06-06 turku: 288 rows -> /home/maya/github/Finnish-energy-pipeline/data/staging/fmi/weather/date=2026-06-06/station=turku/data.parquet
2026-06-06 vaasa: 288 rows -> /home/maya/github/Finnish-energy-pipeline/data/staging/fmi/weather/date=2026-06-06/station=vaasa/data.parquet
2026-06-07 helsinki: 288 rows -> /home/maya/github/Finnish-energy-pipeline/data/staging/fmi/weather/date=2026-06-07/station=helsinki/data.parquet
2026-06-07 oulu: 288 rows -> /home/maya/github/Finnish-energy-pipeline/data/staging/fmi/weather/date=2026-06-07/station=oulu/data.parquet
2026-06-07 rovaniemi: 288 rows -> /home/maya/github/Finnish-energy-pipeline/data/staging/fmi/weather/date=2026-06-07/station=rovaniemi/data.parquet
2026-06-07 tampere: 288 rows -> /home/maya/github/Finnish-energy-pipeline/data/staging/fmi/weather/date=2026-06-07/station=tampere/data.parquet
2026-06-07 turku: 288 rows -> /home/maya/github/Finnish-energy-pipeline/data/staging/fmi/weather/date=2026-06-07/station=turku/data.parquet
2026-06-07 vaasa: 288 rows -> /home/maya/github/Finnish-energy-pipeline/data/staging/fmi/weather/date=2026-06-07/station=vaasa/data.parquet
2026-06-08 helsinki: 288 rows -> /home/maya/github/Finnish-energy-pipeline/data/staging/fmi/weather/date=2026-06-08/station=helsinki/data.parquet
2026-06-08 oulu: 288 rows -> /home/maya/github/Finnish-energy-pipeline/data/staging/fmi/weather/date=2026-06-08/station=oulu/data.parquet
2026-06-08 rovaniemi: 288 rows -> /home/maya/github/Finnish-energy-pipeline/data/staging/fmi/weather/date=2026-06-08/station=rovaniemi/data.parquet
2026-06-08 tampere: 288 rows -> /home/maya/github/Finnish-energy-pipeline/data/staging/fmi/weather/date=2026-06-08/station=tampere/data.parquet
2026-06-08 turku: 288 rows -> /home/maya/github/Finnish-energy-pipeline/data/staging/fmi/weather/date=2026-06-08/station=turku/data.parquet
2026-06-08 vaasa: 288 rows -> /home/maya/github/Finnish-energy-pipeline/data/staging/fmi/weather/date=2026-06-08/station=vaasa/data.parquet
2026-06-09 helsinki: 288 rows -> /home/maya/github/Finnish-energy-pipeline/data/staging/fmi/weather/date=2026-06-09/station=helsinki/data.parquet
2026-06-09 oulu: 288 rows -> /home/maya/github/Finnish-energy-pipeline/data/staging/fmi/weather/date=2026-06-09/station=oulu/data.parquet
2026-06-09 rovaniemi: 288 rows -> /home/maya/github/Finnish-energy-pipeline/data/staging/fmi/weather/date=2026-06-09/station=rovaniemi/data.parquet
2026-06-09 tampere: 288 rows -> /home/maya/github/Finnish-energy-pipeline/data/staging/fmi/weather/date=2026-06-09/station=tampere/data.parquet
2026-06-09 turku: 288 rows -> /home/maya/github/Finnish-energy-pipeline/data/staging/fmi/weather/date=2026-06-09/station=turku/data.parquet
2026-06-09 vaasa: 288 rows -> /home/maya/github/Finnish-energy-pipeline/data/staging/fmi/weather/date=2026-06-09/station=vaasa/data.parquet
2026-06-10 helsinki: 288 rows -> /home/maya/github/Finnish-energy-pipeline/data/staging/fmi/weather/date=2026-06-10/station=helsinki/data.parquet
2026-06-10 oulu: 288 rows -> /home/maya/github/Finnish-energy-pipeline/data/staging/fmi/weather/date=2026-06-10/station=oulu/data.parquet
2026-06-10 rovaniemi: 288 rows -> /home/maya/github/Finnish-energy-pipeline/data/staging/fmi/weather/date=2026-06-10/station=rovaniemi/data.parquet
2026-06-10 tampere: 288 rows -> /home/maya/github/Finnish-energy-pipeline/data/staging/fmi/weather/date=2026-06-10/station=tampere/data.parquet
2026-06-10 turku: 288 rows -> /home/maya/github/Finnish-energy-pipeline/data/staging/fmi/weather/date=2026-06-10/station=turku/data.parquet
2026-06-10 vaasa: 288 rows -> /home/maya/github/Finnish-energy-pipeline/data/staging/fmi/weather/date=2026-06-10/station=vaasa/data.parquet
2026-06-11 helsinki: 288 rows -> /home/maya/github/Finnish-energy-pipeline/data/staging/fmi/weather/date=2026-06-11/station=helsinki/data.parquet
2026-06-11 oulu: 288 rows -> /home/maya/github/Finnish-energy-pipeline/data/staging/fmi/weather/date=2026-06-11/station=oulu/data.parquet
2026-06-11 rovaniemi: 288 rows -> /home/maya/github/Finnish-energy-pipeline/data/staging/fmi/weather/date=2026-06-11/station=rovaniemi/data.parquet
2026-06-11 tampere: 288 rows -> /home/maya/github/Finnish-energy-pipeline/data/staging/fmi/weather/date=2026-06-11/station=tampere/data.parquet
2026-06-11 turku: 288 rows -> /home/maya/github/Finnish-energy-pipeline/data/staging/fmi/weather/date=2026-06-11/station=turku/data.parquet
2026-06-11 vaasa: 288 rows -> /home/maya/github/Finnish-energy-pipeline/data/staging/fmi/weather/date=2026-06-11/station=vaasa/data.parquet
2026-06-12 helsinki: 288 rows -> /home/maya/github/Finnish-energy-pipeline/data/staging/fmi/weather/date=2026-06-12/station=helsinki/data.parquet
2026-06-12 oulu: 288 rows -> /home/maya/github/Finnish-energy-pipeline/data/staging/fmi/weather/date=2026-06-12/station=oulu/data.parquet
2026-06-12 rovaniemi: 288 rows -> /home/maya/github/Finnish-energy-pipeline/data/staging/fmi/weather/date=2026-06-12/station=rovaniemi/data.parquet
2026-06-12 tampere: 288 rows -> /home/maya/github/Finnish-energy-pipeline/data/staging/fmi/weather/date=2026-06-12/station=tampere/data.parquet
2026-06-12 turku: 288 rows -> /home/maya/github/Finnish-energy-pipeline/data/staging/fmi/weather/date=2026-06-12/station=turku/data.parquet
2026-06-12 vaasa: 288 rows -> /home/maya/github/Finnish-energy-pipeline/data/staging/fmi/weather/date=2026-06-12/station=vaasa/data.parquet
2026-06-13 helsinki: 288 rows -> /home/maya/github/Finnish-energy-pipeline/data/staging/fmi/weather/date=2026-06-13/station=helsinki/data.parquet
2026-06-13 oulu: 288 rows -> /home/maya/github/Finnish-energy-pipeline/data/staging/fmi/weather/date=2026-06-13/station=oulu/data.parquet
2026-06-13 rovaniemi: 288 rows -> /home/maya/github/Finnish-energy-pipeline/data/staging/fmi/weather/date=2026-06-13/station=rovaniemi/data.parquet
2026-06-13 tampere: 288 rows -> /home/maya/github/Finnish-energy-pipeline/data/staging/fmi/weather/date=2026-06-13/station=tampere/data.parquet
2026-06-13 turku: 288 rows -> /home/maya/github/Finnish-energy-pipeline/data/staging/fmi/weather/date=2026-06-13/station=turku/data.parquet
2026-06-13 vaasa: 288 rows -> /home/maya/github/Finnish-energy-pipeline/data/staging/fmi/weather/date=2026-06-13/station=vaasa/data.parquet
2026-06-14 helsinki: 288 rows -> /home/maya/github/Finnish-energy-pipeline/data/staging/fmi/weather/date=2026-06-14/station=helsinki/data.parquet
2026-06-14 oulu: 288 rows -> /home/maya/github/Finnish-energy-pipeline/data/staging/fmi/weather/date=2026-06-14/station=oulu/data.parquet
2026-06-14 rovaniemi: 288 rows -> /home/maya/github/Finnish-energy-pipeline/data/staging/fmi/weather/date=2026-06-14/station=rovaniemi/data.parquet
2026-06-14 tampere: 288 rows -> /home/maya/github/Finnish-energy-pipeline/data/staging/fmi/weather/date=2026-06-14/station=tampere/data.parquet
2026-06-14 turku: 288 rows -> /home/maya/github/Finnish-energy-pipeline/data/staging/fmi/weather/date=2026-06-14/station=turku/data.parquet
2026-06-14 vaasa: 288 rows -> /home/maya/github/Finnish-energy-pipeline/data/staging/fmi/weather/date=2026-06-14/station=vaasa/data.parquet
2026-06-15 helsinki: 288 rows -> /home/maya/github/Finnish-energy-pipeline/data/staging/fmi/weather/date=2026-06-15/station=helsinki/data.parquet
2026-06-15 oulu: 288 rows -> /home/maya/github/Finnish-energy-pipeline/data/staging/fmi/weather/date=2026-06-15/station=oulu/data.parquet
2026-06-15 rovaniemi: 288 rows -> /home/maya/github/Finnish-energy-pipeline/data/staging/fmi/weather/date=2026-06-15/station=rovaniemi/data.parquet
2026-06-15 tampere: 288 rows -> /home/maya/github/Finnish-energy-pipeline/data/staging/fmi/weather/date=2026-06-15/station=tampere/data.parquet
2026-06-15 turku: 288 rows -> /home/maya/github/Finnish-energy-pipeline/data/staging/fmi/weather/date=2026-06-15/station=turku/data.parquet
2026-06-15 vaasa: 288 rows -> /home/maya/github/Finnish-energy-pipeline/data/staging/fmi/weather/date=2026-06-15/station=vaasa/data.parquet
2026-06-16 helsinki: 288 rows -> /home/maya/github/Finnish-energy-pipeline/data/staging/fmi/weather/date=2026-06-16/station=helsinki/data.parquet
2026-06-16 oulu: 288 rows -> /home/maya/github/Finnish-energy-pipeline/data/staging/fmi/weather/date=2026-06-16/station=oulu/data.parquet
2026-06-16 rovaniemi: 288 rows -> /home/maya/github/Finnish-energy-pipeline/data/staging/fmi/weather/date=2026-06-16/station=rovaniemi/data.parquet
2026-06-16 tampere: 288 rows -> /home/maya/github/Finnish-energy-pipeline/data/staging/fmi/weather/date=2026-06-16/station=tampere/data.parquet
2026-06-16 turku: 288 rows -> /home/maya/github/Finnish-energy-pipeline/data/staging/fmi/weather/date=2026-06-16/station=turku/data.parquet
2026-06-16 vaasa: 288 rows -> /home/maya/github/Finnish-energy-pipeline/data/staging/fmi/weather/date=2026-06-16/station=vaasa/data.parquet
2026-06-17 helsinki: 288 rows -> /home/maya/github/Finnish-energy-pipeline/data/staging/fmi/weather/date=2026-06-17/station=helsinki/data.parquet
2026-06-17 oulu: 288 rows -> /home/maya/github/Finnish-energy-pipeline/data/staging/fmi/weather/date=2026-06-17/station=oulu/data.parquet
2026-06-17 rovaniemi: 288 rows -> /home/maya/github/Finnish-energy-pipeline/data/staging/fmi/weather/date=2026-06-17/station=rovaniemi/data.parquet
2026-06-17 tampere: 288 rows -> /home/maya/github/Finnish-energy-pipeline/data/staging/fmi/weather/date=2026-06-17/station=tampere/data.parquet
2026-06-17 turku: 288 rows -> /home/maya/github/Finnish-energy-pipeline/data/staging/fmi/weather/date=2026-06-17/station=turku/data.parquet
2026-06-17 vaasa: 288 rows -> /home/maya/github/Finnish-energy-pipeline/data/staging/fmi/weather/date=2026-06-17/station=vaasa/data.parquet
2026-06-18 helsinki: 288 rows -> /home/maya/github/Finnish-energy-pipeline/data/staging/fmi/weather/date=2026-06-18/station=helsinki/data.parquet
2026-06-18 oulu: 288 rows -> /home/maya/github/Finnish-energy-pipeline/data/staging/fmi/weather/date=2026-06-18/station=oulu/data.parquet
2026-06-18 rovaniemi: 288 rows -> /home/maya/github/Finnish-energy-pipeline/data/staging/fmi/weather/date=2026-06-18/station=rovaniemi/data.parquet
2026-06-18 tampere: 288 rows -> /home/maya/github/Finnish-energy-pipeline/data/staging/fmi/weather/date=2026-06-18/station=tampere/data.parquet
2026-06-18 turku: 288 rows -> /home/maya/github/Finnish-energy-pipeline/data/staging/fmi/weather/date=2026-06-18/station=turku/data.parquet
2026-06-18 vaasa: 288 rows -> /home/maya/github/Finnish-energy-pipeline/data/staging/fmi/weather/date=2026-06-18/station=vaasa/data.parquet
2026-06-19 helsinki: 288 rows -> /home/maya/github/Finnish-energy-pipeline/data/staging/fmi/weather/date=2026-06-19/station=helsinki/data.parquet
2026-06-19 oulu: 288 rows -> /home/maya/github/Finnish-energy-pipeline/data/staging/fmi/weather/date=2026-06-19/station=oulu/data.parquet
2026-06-19 rovaniemi: 288 rows -> /home/maya/github/Finnish-energy-pipeline/data/staging/fmi/weather/date=2026-06-19/station=rovaniemi/data.parquet
2026-06-19 tampere: 288 rows -> /home/maya/github/Finnish-energy-pipeline/data/staging/fmi/weather/date=2026-06-19/station=tampere/data.parquet
2026-06-19 turku: 288 rows -> /home/maya/github/Finnish-energy-pipeline/data/staging/fmi/weather/date=2026-06-19/station=turku/data.parquet
2026-06-19 vaasa: 288 rows -> /home/maya/github/Finnish-energy-pipeline/data/staging/fmi/weather/date=2026-06-19/station=vaasa/data.parquet
2026-06-20 helsinki: 288 rows -> /home/maya/github/Finnish-energy-pipeline/data/staging/fmi/weather/date=2026-06-20/station=helsinki/data.parquet
2026-06-20 oulu: 288 rows -> /home/maya/github/Finnish-energy-pipeline/data/staging/fmi/weather/date=2026-06-20/station=oulu/data.parquet
2026-06-20 rovaniemi: 288 rows -> /home/maya/github/Finnish-energy-pipeline/data/staging/fmi/weather/date=2026-06-20/station=rovaniemi/data.parquet
2026-06-20 tampere: 288 rows -> /home/maya/github/Finnish-energy-pipeline/data/staging/fmi/weather/date=2026-06-20/station=tampere/data.parquet
2026-06-20 turku: 288 rows -> /home/maya/github/Finnish-energy-pipeline/data/staging/fmi/weather/date=2026-06-20/station=turku/data.parquet
2026-06-20 vaasa: 288 rows -> /home/maya/github/Finnish-energy-pipeline/data/staging/fmi/weather/date=2026-06-20/station=vaasa/data.parquet
2026-06-21 helsinki: 288 rows -> /home/maya/github/Finnish-energy-pipeline/data/staging/fmi/weather/date=2026-06-21/station=helsinki/data.parquet
2026-06-21 oulu: 288 rows -> /home/maya/github/Finnish-energy-pipeline/data/staging/fmi/weather/date=2026-06-21/station=oulu/data.parquet
2026-06-21 rovaniemi: 288 rows -> /home/maya/github/Finnish-energy-pipeline/data/staging/fmi/weather/date=2026-06-21/station=rovaniemi/data.parquet
2026-06-21 tampere: 288 rows -> /home/maya/github/Finnish-energy-pipeline/data/staging/fmi/weather/date=2026-06-21/station=tampere/data.parquet
2026-06-21 turku: 288 rows -> /home/maya/github/Finnish-energy-pipeline/data/staging/fmi/weather/date=2026-06-21/station=turku/data.parquet
2026-06-21 vaasa: 288 rows -> /home/maya/github/Finnish-energy-pipeline/data/staging/fmi/weather/date=2026-06-21/station=vaasa/data.parquet
2026-06-22 helsinki: 288 rows -> /home/maya/github/Finnish-energy-pipeline/data/staging/fmi/weather/date=2026-06-22/station=helsinki/data.parquet
2026-06-22 oulu: 288 rows -> /home/maya/github/Finnish-energy-pipeline/data/staging/fmi/weather/date=2026-06-22/station=oulu/data.parquet
2026-06-22 rovaniemi: 288 rows -> /home/maya/github/Finnish-energy-pipeline/data/staging/fmi/weather/date=2026-06-22/station=rovaniemi/data.parquet
2026-06-22 tampere: 288 rows -> /home/maya/github/Finnish-energy-pipeline/data/staging/fmi/weather/date=2026-06-22/station=tampere/data.parquet
2026-06-22 turku: 288 rows -> /home/maya/github/Finnish-energy-pipeline/data/staging/fmi/weather/date=2026-06-22/station=turku/data.parquet
2026-06-22 vaasa: 288 rows -> /home/maya/github/Finnish-energy-pipeline/data/staging/fmi/weather/date=2026-06-22/station=vaasa/data.parquet
2026-06-23 helsinki: 288 rows -> /home/maya/github/Finnish-energy-pipeline/data/staging/fmi/weather/date=2026-06-23/station=helsinki/data.parquet
2026-06-23 oulu: 288 rows -> /home/maya/github/Finnish-energy-pipeline/data/staging/fmi/weather/date=2026-06-23/station=oulu/data.parquet
2026-06-23 rovaniemi: 288 rows -> /home/maya/github/Finnish-energy-pipeline/data/staging/fmi/weather/date=2026-06-23/station=rovaniemi/data.parquet
2026-06-23 tampere: 288 rows -> /home/maya/github/Finnish-energy-pipeline/data/staging/fmi/weather/date=2026-06-23/station=tampere/data.parquet
2026-06-23 turku: 288 rows -> /home/maya/github/Finnish-energy-pipeline/data/staging/fmi/weather/date=2026-06-23/station=turku/data.parquet
2026-06-23 vaasa: 288 rows -> /home/maya/github/Finnish-energy-pipeline/data/staging/fmi/weather/date=2026-06-23/station=vaasa/data.parquet
2026-06-24 helsinki: 288 rows -> /home/maya/github/Finnish-energy-pipeline/data/staging/fmi/weather/date=2026-06-24/station=helsinki/data.parquet
2026-06-24 oulu: 288 rows -> /home/maya/github/Finnish-energy-pipeline/data/staging/fmi/weather/date=2026-06-24/station=oulu/data.parquet
2026-06-24 rovaniemi: 288 rows -> /home/maya/github/Finnish-energy-pipeline/data/staging/fmi/weather/date=2026-06-24/station=rovaniemi/data.parquet
2026-06-24 tampere: 288 rows -> /home/maya/github/Finnish-energy-pipeline/data/staging/fmi/weather/date=2026-06-24/station=tampere/data.parquet
2026-06-24 turku: 288 rows -> /home/maya/github/Finnish-energy-pipeline/data/staging/fmi/weather/date=2026-06-24/station=turku/data.parquet
2026-06-24 vaasa: 288 rows -> /home/maya/github/Finnish-energy-pipeline/data/staging/fmi/weather/date=2026-06-24/station=vaasa/data.parquet
2026-06-25 helsinki: 288 rows -> /home/maya/github/Finnish-energy-pipeline/data/staging/fmi/weather/date=2026-06-25/station=helsinki/data.parquet
2026-06-25 oulu: 288 rows -> /home/maya/github/Finnish-energy-pipeline/data/staging/fmi/weather/date=2026-06-25/station=oulu/data.parquet
2026-06-25 rovaniemi: 288 rows -> /home/maya/github/Finnish-energy-pipeline/data/staging/fmi/weather/date=2026-06-25/station=rovaniemi/data.parquet
2026-06-25 tampere: 288 rows -> /home/maya/github/Finnish-energy-pipeline/data/staging/fmi/weather/date=2026-06-25/station=tampere/data.parquet
2026-06-25 turku: 288 rows -> /home/maya/github/Finnish-energy-pipeline/data/staging/fmi/weather/date=2026-06-25/station=turku/data.parquet
2026-06-25 vaasa: 288 rows -> /home/maya/github/Finnish-energy-pipeline/data/staging/fmi/weather/date=2026-06-25/station=vaasa/data.parquet
2026-06-26 helsinki: 288 rows -> /home/maya/github/Finnish-energy-pipeline/data/staging/fmi/weather/date=2026-06-26/station=helsinki/data.parquet
2026-06-26 oulu: 288 rows -> /home/maya/github/Finnish-energy-pipeline/data/staging/fmi/weather/date=2026-06-26/station=oulu/data.parquet
2026-06-26 rovaniemi: 288 rows -> /home/maya/github/Finnish-energy-pipeline/data/staging/fmi/weather/date=2026-06-26/station=rovaniemi/data.parquet
2026-06-26 tampere: 288 rows -> /home/maya/github/Finnish-energy-pipeline/data/staging/fmi/weather/date=2026-06-26/station=tampere/data.parquet
2026-06-26 turku: 288 rows -> /home/maya/github/Finnish-energy-pipeline/data/staging/fmi/weather/date=2026-06-26/station=turku/data.parquet
2026-06-26 vaasa: 288 rows -> /home/maya/github/Finnish-energy-pipeline/data/staging/fmi/weather/date=2026-06-26/station=vaasa/data.parquet
2026-06-27 helsinki: 288 rows -> /home/maya/github/Finnish-energy-pipeline/data/staging/fmi/weather/date=2026-06-27/station=helsinki/data.parquet
2026-06-27 oulu: 288 rows -> /home/maya/github/Finnish-energy-pipeline/data/staging/fmi/weather/date=2026-06-27/station=oulu/data.parquet
2026-06-27 rovaniemi: 288 rows -> /home/maya/github/Finnish-energy-pipeline/data/staging/fmi/weather/date=2026-06-27/station=rovaniemi/data.parquet
2026-06-27 tampere: 288 rows -> /home/maya/github/Finnish-energy-pipeline/data/staging/fmi/weather/date=2026-06-27/station=tampere/data.parquet
2026-06-27 turku: 288 rows -> /home/maya/github/Finnish-energy-pipeline/data/staging/fmi/weather/date=2026-06-27/station=turku/data.parquet
2026-06-27 vaasa: 288 rows -> /home/maya/github/Finnish-energy-pipeline/data/staging/fmi/weather/date=2026-06-27/station=vaasa/data.parquet
2026-06-28 helsinki: 288 rows -> /home/maya/github/Finnish-energy-pipeline/data/staging/fmi/weather/date=2026-06-28/station=helsinki/data.parquet
2026-06-28 oulu: 288 rows -> /home/maya/github/Finnish-energy-pipeline/data/staging/fmi/weather/date=2026-06-28/station=oulu/data.parquet
2026-06-28 rovaniemi: 288 rows -> /home/maya/github/Finnish-energy-pipeline/data/staging/fmi/weather/date=2026-06-28/station=rovaniemi/data.parquet
2026-06-28 tampere: 288 rows -> /home/maya/github/Finnish-energy-pipeline/data/staging/fmi/weather/date=2026-06-28/station=tampere/data.parquet
2026-06-28 turku: 288 rows -> /home/maya/github/Finnish-energy-pipeline/data/staging/fmi/weather/date=2026-06-28/station=turku/data.parquet
2026-06-28 vaasa: 288 rows -> /home/maya/github/Finnish-energy-pipeline/data/staging/fmi/weather/date=2026-06-28/station=vaasa/data.parquet
2026-06-29 helsinki: 288 rows -> /home/maya/github/Finnish-energy-pipeline/data/staging/fmi/weather/date=2026-06-29/station=helsinki/data.parquet
2026-06-29 oulu: 288 rows -> /home/maya/github/Finnish-energy-pipeline/data/staging/fmi/weather/date=2026-06-29/station=oulu/data.parquet
2026-06-29 rovaniemi: 288 rows -> /home/maya/github/Finnish-energy-pipeline/data/staging/fmi/weather/date=2026-06-29/station=rovaniemi/data.parquet
2026-06-29 tampere: 288 rows -> /home/maya/github/Finnish-energy-pipeline/data/staging/fmi/weather/date=2026-06-29/station=tampere/data.parquet
2026-06-29 turku: 288 rows -> /home/maya/github/Finnish-energy-pipeline/data/staging/fmi/weather/date=2026-06-29/station=turku/data.parquet
2026-06-29 vaasa: 288 rows -> /home/maya/github/Finnish-energy-pipeline/data/staging/fmi/weather/date=2026-06-29/station=vaasa/data.parquet
2026-06-30 helsinki: 288 rows -> /home/maya/github/Finnish-energy-pipeline/data/staging/fmi/weather/date=2026-06-30/station=helsinki/data.parquet
2026-06-30 oulu: 288 rows -> /home/maya/github/Finnish-energy-pipeline/data/staging/fmi/weather/date=2026-06-30/station=oulu/data.parquet
2026-06-30 rovaniemi: 288 rows -> /home/maya/github/Finnish-energy-pipeline/data/staging/fmi/weather/date=2026-06-30/station=rovaniemi/data.parquet
2026-06-30 tampere: 288 rows -> /home/maya/github/Finnish-energy-pipeline/data/staging/fmi/weather/date=2026-06-30/station=tampere/data.parquet
2026-06-30 turku: 288 rows -> /home/maya/github/Finnish-energy-pipeline/data/staging/fmi/weather/date=2026-06-30/station=turku/data.parquet
2026-06-30 vaasa: 288 rows -> /home/maya/github/Finnish-energy-pipeline/data/staging/fmi/weather/date=2026-06-30/station=vaasa/data.parquet
2026-07-01 helsinki: 288 rows -> /home/maya/github/Finnish-energy-pipeline/data/staging/fmi/weather/date=2026-07-01/station=helsinki/data.parquet
2026-07-01 oulu: 288 rows -> /home/maya/github/Finnish-energy-pipeline/data/staging/fmi/weather/date=2026-07-01/station=oulu/data.parquet
2026-07-01 rovaniemi: 288 rows -> /home/maya/github/Finnish-energy-pipeline/data/staging/fmi/weather/date=2026-07-01/station=rovaniemi/data.parquet
2026-07-01 tampere: 288 rows -> /home/maya/github/Finnish-energy-pipeline/data/staging/fmi/weather/date=2026-07-01/station=tampere/data.parquet
2026-07-01 turku: 288 rows -> /home/maya/github/Finnish-energy-pipeline/data/staging/fmi/weather/date=2026-07-01/station=turku/data.parquet
2026-07-01 vaasa: 288 rows -> /home/maya/github/Finnish-energy-pipeline/data/staging/fmi/weather/date=2026-07-01/station=vaasa/data.parquet
2026-07-02 helsinki: 288 rows -> /home/maya/github/Finnish-energy-pipeline/data/staging/fmi/weather/date=2026-07-02/station=helsinki/data.parquet
2026-07-02 oulu: 288 rows -> /home/maya/github/Finnish-energy-pipeline/data/staging/fmi/weather/date=2026-07-02/station=oulu/data.parquet
2026-07-02 rovaniemi: 288 rows -> /home/maya/github/Finnish-energy-pipeline/data/staging/fmi/weather/date=2026-07-02/station=rovaniemi/data.parquet
2026-07-02 tampere: 288 rows -> /home/maya/github/Finnish-energy-pipeline/data/staging/fmi/weather/date=2026-07-02/station=tampere/data.parquet
2026-07-02 turku: 288 rows -> /home/maya/github/Finnish-energy-pipeline/data/staging/fmi/weather/date=2026-07-02/station=turku/data.parquet
2026-07-02 vaasa: 288 rows -> /home/maya/github/Finnish-energy-pipeline/data/staging/fmi/weather/date=2026-07-02/station=vaasa/data.parquet
2026-07-03 helsinki: 288 rows -> /home/maya/github/Finnish-energy-pipeline/data/staging/fmi/weather/date=2026-07-03/station=helsinki/data.parquet
2026-07-03 oulu: 288 rows -> /home/maya/github/Finnish-energy-pipeline/data/staging/fmi/weather/date=2026-07-03/station=oulu/data.parquet
2026-07-03 rovaniemi: 288 rows -> /home/maya/github/Finnish-energy-pipeline/data/staging/fmi/weather/date=2026-07-03/station=rovaniemi/data.parquet
2026-07-03 tampere: 288 rows -> /home/maya/github/Finnish-energy-pipeline/data/staging/fmi/weather/date=2026-07-03/station=tampere/data.parquet
2026-07-03 turku: 288 rows -> /home/maya/github/Finnish-energy-pipeline/data/staging/fmi/weather/date=2026-07-03/station=turku/data.parquet
2026-07-03 vaasa: 288 rows -> /home/maya/github/Finnish-energy-pipeline/data/staging/fmi/weather/date=2026-07-03/station=vaasa/data.parquet
2026-07-04 helsinki: 288 rows -> /home/maya/github/Finnish-energy-pipeline/data/staging/fmi/weather/date=2026-07-04/station=helsinki/data.parquet
2026-07-04 oulu: 288 rows -> /home/maya/github/Finnish-energy-pipeline/data/staging/fmi/weather/date=2026-07-04/station=oulu/data.parquet
2026-07-04 rovaniemi: 288 rows -> /home/maya/github/Finnish-energy-pipeline/data/staging/fmi/weather/date=2026-07-04/station=rovaniemi/data.parquet
2026-07-04 tampere: 288 rows -> /home/maya/github/Finnish-energy-pipeline/data/staging/fmi/weather/date=2026-07-04/station=tampere/data.parquet
2026-07-04 turku: 288 rows -> /home/maya/github/Finnish-energy-pipeline/data/staging/fmi/weather/date=2026-07-04/station=turku/data.parquet
2026-07-04 vaasa: 288 rows -> /home/maya/github/Finnish-energy-pipeline/data/staging/fmi/weather/date=2026-07-04/station=vaasa/data.parquet
2026-07-05 helsinki: 288 rows -> /home/maya/github/Finnish-energy-pipeline/data/staging/fmi/weather/date=2026-07-05/station=helsinki/data.parquet
2026-07-05 oulu: 288 rows -> /home/maya/github/Finnish-energy-pipeline/data/staging/fmi/weather/date=2026-07-05/station=oulu/data.parquet
2026-07-05 rovaniemi: 288 rows -> /home/maya/github/Finnish-energy-pipeline/data/staging/fmi/weather/date=2026-07-05/station=rovaniemi/data.parquet
2026-07-05 tampere: 288 rows -> /home/maya/github/Finnish-energy-pipeline/data/staging/fmi/weather/date=2026-07-05/station=tampere/data.parquet
2026-07-05 turku: 288 rows -> /home/maya/github/Finnish-energy-pipeline/data/staging/fmi/weather/date=2026-07-05/station=turku/data.parquet
2026-07-05 vaasa: 288 rows -> /home/maya/github/Finnish-energy-pipeline/data/staging/fmi/weather/date=2026-07-05/station=vaasa/data.parquet
2026-07-06 helsinki: 288 rows -> /home/maya/github/Finnish-energy-pipeline/data/staging/fmi/weather/date=2026-07-06/station=helsinki/data.parquet
2026-07-06 oulu: 288 rows -> /home/maya/github/Finnish-energy-pipeline/data/staging/fmi/weather/date=2026-07-06/station=oulu/data.parquet
2026-07-06 rovaniemi: 288 rows -> /home/maya/github/Finnish-energy-pipeline/data/staging/fmi/weather/date=2026-07-06/station=rovaniemi/data.parquet
2026-07-06 tampere: 288 rows -> /home/maya/github/Finnish-energy-pipeline/data/staging/fmi/weather/date=2026-07-06/station=tampere/data.parquet
2026-07-06 turku: 288 rows -> /home/maya/github/Finnish-energy-pipeline/data/staging/fmi/weather/date=2026-07-06/station=turku/data.parquet
2026-07-06 vaasa: 288 rows -> /home/maya/github/Finnish-energy-pipeline/data/staging/fmi/weather/date=2026-07-06/station=vaasa/data.parquet
2026-07-07 helsinki: 288 rows -> /home/maya/github/Finnish-energy-pipeline/data/staging/fmi/weather/date=2026-07-07/station=helsinki/data.parquet
2026-07-07 oulu: 288 rows -> /home/maya/github/Finnish-energy-pipeline/data/staging/fmi/weather/date=2026-07-07/station=oulu/data.parquet
2026-07-07 rovaniemi: 288 rows -> /home/maya/github/Finnish-energy-pipeline/data/staging/fmi/weather/date=2026-07-07/station=rovaniemi/data.parquet
2026-07-07 tampere: 288 rows -> /home/maya/github/Finnish-energy-pipeline/data/staging/fmi/weather/date=2026-07-07/station=tampere/data.parquet
2026-07-07 turku: 288 rows -> /home/maya/github/Finnish-energy-pipeline/data/staging/fmi/weather/date=2026-07-07/station=turku/data.parquet
2026-07-07 vaasa: 288 rows -> /home/maya/github/Finnish-energy-pipeline/data/staging/fmi/weather/date=2026-07-07/station=vaasa/data.parquet
2026-07-08 helsinki: 288 rows -> /home/maya/github/Finnish-energy-pipeline/data/staging/fmi/weather/date=2026-07-08/station=helsinki/data.parquet
2026-07-08 oulu: 288 rows -> /home/maya/github/Finnish-energy-pipeline/data/staging/fmi/weather/date=2026-07-08/station=oulu/data.parquet
2026-07-08 rovaniemi: 288 rows -> /home/maya/github/Finnish-energy-pipeline/data/staging/fmi/weather/date=2026-07-08/station=rovaniemi/data.parquet
2026-07-08 tampere: 288 rows -> /home/maya/github/Finnish-energy-pipeline/data/staging/fmi/weather/date=2026-07-08/station=tampere/data.parquet
2026-07-08 turku: 288 rows -> /home/maya/github/Finnish-energy-pipeline/data/staging/fmi/weather/date=2026-07-08/station=turku/data.parquet
2026-07-08 vaasa: 288 rows -> /home/maya/github/Finnish-energy-pipeline/data/staging/fmi/weather/date=2026-07-08/station=vaasa/data.parquet
2026-07-09 helsinki: 288 rows -> /home/maya/github/Finnish-energy-pipeline/data/staging/fmi/weather/date=2026-07-09/station=helsinki/data.parquet
2026-07-09 oulu: 288 rows -> /home/maya/github/Finnish-energy-pipeline/data/staging/fmi/weather/date=2026-07-09/station=oulu/data.parquet
2026-07-09 rovaniemi: 288 rows -> /home/maya/github/Finnish-energy-pipeline/data/staging/fmi/weather/date=2026-07-09/station=rovaniemi/data.parquet
2026-07-09 tampere: 288 rows -> /home/maya/github/Finnish-energy-pipeline/data/staging/fmi/weather/date=2026-07-09/station=tampere/data.parquet
2026-07-09 turku: 288 rows -> /home/maya/github/Finnish-energy-pipeline/data/staging/fmi/weather/date=2026-07-09/station=turku/data.parquet
2026-07-09 vaasa: 288 rows -> /home/maya/github/Finnish-energy-pipeline/data/staging/fmi/weather/date=2026-07-09/station=vaasa/data.parquet
2026-07-10 helsinki: 288 rows -> /home/maya/github/Finnish-energy-pipeline/data/staging/fmi/weather/date=2026-07-10/station=helsinki/data.parquet
2026-07-10 oulu: 288 rows -> /home/maya/github/Finnish-energy-pipeline/data/staging/fmi/weather/date=2026-07-10/station=oulu/data.parquet
2026-07-10 rovaniemi: 288 rows -> /home/maya/github/Finnish-energy-pipeline/data/staging/fmi/weather/date=2026-07-10/station=rovaniemi/data.parquet
2026-07-10 tampere: 288 rows -> /home/maya/github/Finnish-energy-pipeline/data/staging/fmi/weather/date=2026-07-10/station=tampere/data.parquet
2026-07-10 turku: 288 rows -> /home/maya/github/Finnish-energy-pipeline/data/staging/fmi/weather/date=2026-07-10/station=turku/data.parquet
2026-07-10 vaasa: 288 rows -> /home/maya/github/Finnish-energy-pipeline/data/staging/fmi/weather/date=2026-07-10/station=vaasa/data.parquet
2026-07-11 helsinki: 288 rows -> /home/maya/github/Finnish-energy-pipeline/data/staging/fmi/weather/date=2026-07-11/station=helsinki/data.parquet
2026-07-11 oulu: 288 rows -> /home/maya/github/Finnish-energy-pipeline/data/staging/fmi/weather/date=2026-07-11/station=oulu/data.parquet
2026-07-11 rovaniemi: 288 rows -> /home/maya/github/Finnish-energy-pipeline/data/staging/fmi/weather/date=2026-07-11/station=rovaniemi/data.parquet
2026-07-11 tampere: 288 rows -> /home/maya/github/Finnish-energy-pipeline/data/staging/fmi/weather/date=2026-07-11/station=tampere/data.parquet
2026-07-11 turku: 288 rows -> /home/maya/github/Finnish-energy-pipeline/data/staging/fmi/weather/date=2026-07-11/station=turku/data.parquet
2026-07-11 vaasa: 288 rows -> /home/maya/github/Finnish-energy-pipeline/data/staging/fmi/weather/date=2026-07-11/station=vaasa/data.parquet
2026-07-12 helsinki: 288 rows -> /home/maya/github/Finnish-energy-pipeline/data/staging/fmi/weather/date=2026-07-12/station=helsinki/data.parquet
2026-07-12 oulu: 288 rows -> /home/maya/github/Finnish-energy-pipeline/data/staging/fmi/weather/date=2026-07-12/station=oulu/data.parquet
2026-07-12 rovaniemi: 288 rows -> /home/maya/github/Finnish-energy-pipeline/data/staging/fmi/weather/date=2026-07-12/station=rovaniemi/data.parquet
2026-07-12 tampere: 288 rows -> /home/maya/github/Finnish-energy-pipeline/data/staging/fmi/weather/date=2026-07-12/station=tampere/data.parquet
2026-07-12 turku: 288 rows -> /home/maya/github/Finnish-energy-pipeline/data/staging/fmi/weather/date=2026-07-12/station=turku/data.parquet
2026-07-12 vaasa: 288 rows -> /home/maya/github/Finnish-energy-pipeline/data/staging/fmi/weather/date=2026-07-12/station=vaasa/data.parquet
2026-07-13 helsinki: 288 rows -> /home/maya/github/Finnish-energy-pipeline/data/staging/fmi/weather/date=2026-07-13/station=helsinki/data.parquet
2026-07-13 oulu: 288 rows -> /home/maya/github/Finnish-energy-pipeline/data/staging/fmi/weather/date=2026-07-13/station=oulu/data.parquet
2026-07-13 rovaniemi: 288 rows -> /home/maya/github/Finnish-energy-pipeline/data/staging/fmi/weather/date=2026-07-13/station=rovaniemi/data.parquet
2026-07-13 tampere: 288 rows -> /home/maya/github/Finnish-energy-pipeline/data/staging/fmi/weather/date=2026-07-13/station=tampere/data.parquet
2026-07-13 turku: 288 rows -> /home/maya/github/Finnish-energy-pipeline/data/staging/fmi/weather/date=2026-07-13/station=turku/data.parquet
2026-07-13 vaasa: 288 rows -> /home/maya/github/Finnish-energy-pipeline/data/staging/fmi/weather/date=2026-07-13/station=vaasa/data.parquet
2026-07-14 helsinki: 288 rows -> /home/maya/github/Finnish-energy-pipeline/data/staging/fmi/weather/date=2026-07-14/station=helsinki/data.parquet
2026-07-14 oulu: 288 rows -> /home/maya/github/Finnish-energy-pipeline/data/staging/fmi/weather/date=2026-07-14/station=oulu/data.parquet
2026-07-14 rovaniemi: 288 rows -> /home/maya/github/Finnish-energy-pipeline/data/staging/fmi/weather/date=2026-07-14/station=rovaniemi/data.parquet
2026-07-14 tampere: 288 rows -> /home/maya/github/Finnish-energy-pipeline/data/staging/fmi/weather/date=2026-07-14/station=tampere/data.parquet
2026-07-14 turku: 288 rows -> /home/maya/github/Finnish-energy-pipeline/data/staging/fmi/weather/date=2026-07-14/station=turku/data.parquet
2026-07-14 vaasa: 288 rows -> /home/maya/github/Finnish-energy-pipeline/data/staging/fmi/weather/date=2026-07-14/station=vaasa/data.parquet
2026-07-15 helsinki: 288 rows -> /home/maya/github/Finnish-energy-pipeline/data/staging/fmi/weather/date=2026-07-15/station=helsinki/data.parquet
2026-07-15 oulu: 288 rows -> /home/maya/github/Finnish-energy-pipeline/data/staging/fmi/weather/date=2026-07-15/station=oulu/data.parquet
2026-07-15 rovaniemi: 288 rows -> /home/maya/github/Finnish-energy-pipeline/data/staging/fmi/weather/date=2026-07-15/station=rovaniemi/data.parquet
2026-07-15 tampere: 288 rows -> /home/maya/github/Finnish-energy-pipeline/data/staging/fmi/weather/date=2026-07-15/station=tampere/data.parquet
2026-07-15 turku: 288 rows -> /home/maya/github/Finnish-energy-pipeline/data/staging/fmi/weather/date=2026-07-15/station=turku/data.parquet
2026-07-15 vaasa: 288 rows -> /home/maya/github/Finnish-energy-pipeline/data/staging/fmi/weather/date=2026-07-15/station=vaasa/data.parquet
2026-07-16 helsinki: 288 rows -> /home/maya/github/Finnish-energy-pipeline/data/staging/fmi/weather/date=2026-07-16/station=helsinki/data.parquet
2026-07-16 oulu: 288 rows -> /home/maya/github/Finnish-energy-pipeline/data/staging/fmi/weather/date=2026-07-16/station=oulu/data.parquet
2026-07-16 rovaniemi: 288 rows -> /home/maya/github/Finnish-energy-pipeline/data/staging/fmi/weather/date=2026-07-16/station=rovaniemi/data.parquet
2026-07-16 tampere: 288 rows -> /home/maya/github/Finnish-energy-pipeline/data/staging/fmi/weather/date=2026-07-16/station=tampere/data.parquet
2026-07-16 turku: 288 rows -> /home/maya/github/Finnish-energy-pipeline/data/staging/fmi/weather/date=2026-07-16/station=turku/data.parquet
2026-07-16 vaasa: 288 rows -> /home/maya/github/Finnish-energy-pipeline/data/staging/fmi/weather/date=2026-07-16/station=vaasa/data.parquet
2026-07-17 helsinki: 288 rows -> /home/maya/github/Finnish-energy-pipeline/data/staging/fmi/weather/date=2026-07-17/station=helsinki/data.parquet
2026-07-17 oulu: 288 rows -> /home/maya/github/Finnish-energy-pipeline/data/staging/fmi/weather/date=2026-07-17/station=oulu/data.parquet
2026-07-17 rovaniemi: 288 rows -> /home/maya/github/Finnish-energy-pipeline/data/staging/fmi/weather/date=2026-07-17/station=rovaniemi/data.parquet
2026-07-17 tampere: 288 rows -> /home/maya/github/Finnish-energy-pipeline/data/staging/fmi/weather/date=2026-07-17/station=tampere/data.parquet
2026-07-17 turku: 288 rows -> /home/maya/github/Finnish-energy-pipeline/data/staging/fmi/weather/date=2026-07-17/station=turku/data.parquet
2026-07-17 vaasa: 288 rows -> /home/maya/github/Finnish-energy-pipeline/data/staging/fmi/weather/date=2026-07-17/station=vaasa/data.parquet
2026-07-18 helsinki: 288 rows -> /home/maya/github/Finnish-energy-pipeline/data/staging/fmi/weather/date=2026-07-18/station=helsinki/data.parquet
2026-07-18 oulu: 288 rows -> /home/maya/github/Finnish-energy-pipeline/data/staging/fmi/weather/date=2026-07-18/station=oulu/data.parquet
2026-07-18 rovaniemi: 288 rows -> /home/maya/github/Finnish-energy-pipeline/data/staging/fmi/weather/date=2026-07-18/station=rovaniemi/data.parquet
2026-07-18 tampere: 288 rows -> /home/maya/github/Finnish-energy-pipeline/data/staging/fmi/weather/date=2026-07-18/station=tampere/data.parquet
2026-07-18 turku: 288 rows -> /home/maya/github/Finnish-energy-pipeline/data/staging/fmi/weather/date=2026-07-18/station=turku/data.parquet
2026-07-18 vaasa: 288 rows -> /home/maya/github/Finnish-energy-pipeline/data/staging/fmi/weather/date=2026-07-18/station=vaasa/data.parquet
2026-07-19 helsinki: 288 rows -> /home/maya/github/Finnish-energy-pipeline/data/staging/fmi/weather/date=2026-07-19/station=helsinki/data.parquet
2026-07-19 oulu: 288 rows -> /home/maya/github/Finnish-energy-pipeline/data/staging/fmi/weather/date=2026-07-19/station=oulu/data.parquet
2026-07-19 rovaniemi: 288 rows -> /home/maya/github/Finnish-energy-pipeline/data/staging/fmi/weather/date=2026-07-19/station=rovaniemi/data.parquet
2026-07-19 tampere: 288 rows -> /home/maya/github/Finnish-energy-pipeline/data/staging/fmi/weather/date=2026-07-19/station=tampere/data.parquet
2026-07-19 turku: 288 rows -> /home/maya/github/Finnish-energy-pipeline/data/staging/fmi/weather/date=2026-07-19/station=turku/data.parquet
2026-07-19 vaasa: 288 rows -> /home/maya/github/Finnish-energy-pipeline/data/staging/fmi/weather/date=2026-07-19/station=vaasa/data.parquet
2026-07-20 helsinki: 288 rows -> /home/maya/github/Finnish-energy-pipeline/data/staging/fmi/weather/date=2026-07-20/station=helsinki/data.parquet
2026-07-20 oulu: 288 rows -> /home/maya/github/Finnish-energy-pipeline/data/staging/fmi/weather/date=2026-07-20/station=oulu/data.parquet
2026-07-20 rovaniemi: 288 rows -> /home/maya/github/Finnish-energy-pipeline/data/staging/fmi/weather/date=2026-07-20/station=rovaniemi/data.parquet
2026-07-20 tampere: 288 rows -> /home/maya/github/Finnish-energy-pipeline/data/staging/fmi/weather/date=2026-07-20/station=tampere/data.parquet
2026-07-20 turku: 288 rows -> /home/maya/github/Finnish-energy-pipeline/data/staging/fmi/weather/date=2026-07-20/station=turku/data.parquet
2026-07-20 vaasa: 288 rows -> /home/maya/github/Finnish-energy-pipeline/data/staging/fmi/weather/date=2026-07-20/station=vaasa/data.parquet
2026-07-21 helsinki: 288 rows -> /home/maya/github/Finnish-energy-pipeline/data/staging/fmi/weather/date=2026-07-21/station=helsinki/data.parquet
2026-07-21 oulu: 288 rows -> /home/maya/github/Finnish-energy-pipeline/data/staging/fmi/weather/date=2026-07-21/station=oulu/data.parquet
2026-07-21 rovaniemi: 288 rows -> /home/maya/github/Finnish-energy-pipeline/data/staging/fmi/weather/date=2026-07-21/station=rovaniemi/data.parquet
2026-07-21 tampere: 288 rows -> /home/maya/github/Finnish-energy-pipeline/data/staging/fmi/weather/date=2026-07-21/station=tampere/data.parquet
2026-07-21 turku: 288 rows -> /home/maya/github/Finnish-energy-pipeline/data/staging/fmi/weather/date=2026-07-21/station=turku/data.parquet
2026-07-21 vaasa: 288 rows -> /home/maya/github/Finnish-energy-pipeline/data/staging/fmi/weather/date=2026-07-21/station=vaasa/data.parquet
2026-07-22 helsinki: 288 rows -> /home/maya/github/Finnish-energy-pipeline/data/staging/fmi/weather/date=2026-07-22/station=helsinki/data.parquet
2026-07-22 oulu: 288 rows -> /home/maya/github/Finnish-energy-pipeline/data/staging/fmi/weather/date=2026-07-22/station=oulu/data.parquet
2026-07-22 rovaniemi: 288 rows -> /home/maya/github/Finnish-energy-pipeline/data/staging/fmi/weather/date=2026-07-22/station=rovaniemi/data.parquet
2026-07-22 tampere: 288 rows -> /home/maya/github/Finnish-energy-pipeline/data/staging/fmi/weather/date=2026-07-22/station=tampere/data.parquet
2026-07-22 turku: 288 rows -> /home/maya/github/Finnish-energy-pipeline/data/staging/fmi/weather/date=2026-07-22/station=turku/data.parquet
2026-07-22 vaasa: 288 rows -> /home/maya/github/Finnish-energy-pipeline/data/staging/fmi/weather/date=2026-07-22/station=vaasa/data.parquet
2026-07-23 helsinki: 288 rows -> /home/maya/github/Finnish-energy-pipeline/data/staging/fmi/weather/date=2026-07-23/station=helsinki/data.parquet
2026-07-23 oulu: 288 rows -> /home/maya/github/Finnish-energy-pipeline/data/staging/fmi/weather/date=2026-07-23/station=oulu/data.parquet
2026-07-23 rovaniemi: 288 rows -> /home/maya/github/Finnish-energy-pipeline/data/staging/fmi/weather/date=2026-07-23/station=rovaniemi/data.parquet
2026-07-23 tampere: 288 rows -> /home/maya/github/Finnish-energy-pipeline/data/staging/fmi/weather/date=2026-07-23/station=tampere/data.parquet
2026-07-23 turku: 288 rows -> /home/maya/github/Finnish-energy-pipeline/data/staging/fmi/weather/date=2026-07-23/station=turku/data.parquet
2026-07-23 vaasa: 288 rows -> /home/maya/github/Finnish-energy-pipeline/data/staging/fmi/weather/date=2026-07-23/station=vaasa/data.parquet
2026-07-24 helsinki: 288 rows -> /home/maya/github/Finnish-energy-pipeline/data/staging/fmi/weather/date=2026-07-24/station=helsinki/data.parquet
2026-07-24 oulu: 288 rows -> /home/maya/github/Finnish-energy-pipeline/data/staging/fmi/weather/date=2026-07-24/station=oulu/data.parquet
2026-07-24 rovaniemi: 288 rows -> /home/maya/github/Finnish-energy-pipeline/data/staging/fmi/weather/date=2026-07-24/station=rovaniemi/data.parquet
2026-07-24 tampere: 288 rows -> /home/maya/github/Finnish-energy-pipeline/data/staging/fmi/weather/date=2026-07-24/station=tampere/data.parquet
2026-07-24 turku: 288 rows -> /home/maya/github/Finnish-energy-pipeline/data/staging/fmi/weather/date=2026-07-24/station=turku/data.parquet
2026-07-24 vaasa: 288 rows -> /home/maya/github/Finnish-energy-pipeline/data/staging/fmi/weather/date=2026-07-24/station=vaasa/data.parquet
2026-07-25 helsinki: 288 rows -> /home/maya/github/Finnish-energy-pipeline/data/staging/fmi/weather/date=2026-07-25/station=helsinki/data.parquet
2026-07-25 oulu: 288 rows -> /home/maya/github/Finnish-energy-pipeline/data/staging/fmi/weather/date=2026-07-25/station=oulu/data.parquet
2026-07-25 rovaniemi: 288 rows -> /home/maya/github/Finnish-energy-pipeline/data/staging/fmi/weather/date=2026-07-25/station=rovaniemi/data.parquet
2026-07-25 tampere: 288 rows -> /home/maya/github/Finnish-energy-pipeline/data/staging/fmi/weather/date=2026-07-25/station=tampere/data.parquet
2026-07-25 turku: 288 rows -> /home/maya/github/Finnish-energy-pipeline/data/staging/fmi/weather/date=2026-07-25/station=turku/data.parquet
2026-07-25 vaasa: 288 rows -> /home/maya/github/Finnish-energy-pipeline/data/staging/fmi/weather/date=2026-07-25/station=vaasa/data.parquet
2026-07-26 helsinki: 288 rows -> /home/maya/github/Finnish-energy-pipeline/data/staging/fmi/weather/date=2026-07-26/station=helsinki/data.parquet
2026-07-26 oulu: 288 rows -> /home/maya/github/Finnish-energy-pipeline/data/staging/fmi/weather/date=2026-07-26/station=oulu/data.parquet
2026-07-26 rovaniemi: 288 rows -> /home/maya/github/Finnish-energy-pipeline/data/staging/fmi/weather/date=2026-07-26/station=rovaniemi/data.parquet
2026-07-26 tampere: 288 rows -> /home/maya/github/Finnish-energy-pipeline/data/staging/fmi/weather/date=2026-07-26/station=tampere/data.parquet
2026-07-26 turku: 288 rows -> /home/maya/github/Finnish-energy-pipeline/data/staging/fmi/weather/date=2026-07-26/station=turku/data.parquet
2026-07-26 vaasa: 288 rows -> /home/maya/github/Finnish-energy-pipeline/data/staging/fmi/weather/date=2026-07-26/station=vaasa/data.parquet
2026-07-27 helsinki: 288 rows -> /home/maya/github/Finnish-energy-pipeline/data/staging/fmi/weather/date=2026-07-27/station=helsinki/data.parquet
2026-07-27 oulu: 288 rows -> /home/maya/github/Finnish-energy-pipeline/data/staging/fmi/weather/date=2026-07-27/station=oulu/data.parquet
2026-07-27 rovaniemi: 288 rows -> /home/maya/github/Finnish-energy-pipeline/data/staging/fmi/weather/date=2026-07-27/station=rovaniemi/data.parquet
2026-07-27 tampere: 288 rows -> /home/maya/github/Finnish-energy-pipeline/data/staging/fmi/weather/date=2026-07-27/station=tampere/data.parquet
2026-07-27 turku: 288 rows -> /home/maya/github/Finnish-energy-pipeline/data/staging/fmi/weather/date=2026-07-27/station=turku/data.parquet
2026-07-27 vaasa: 288 rows -> /home/maya/github/Finnish-energy-pipeline/data/staging/fmi/weather/date=2026-07-27/station=vaasa/data.parquet
2026-07-28 helsinki: 288 rows -> /home/maya/github/Finnish-energy-pipeline/data/staging/fmi/weather/date=2026-07-28/station=helsinki/data.parquet
2026-07-28 oulu: 288 rows -> /home/maya/github/Finnish-energy-pipeline/data/staging/fmi/weather/date=2026-07-28/station=oulu/data.parquet
2026-07-28 rovaniemi: 288 rows -> /home/maya/github/Finnish-energy-pipeline/data/staging/fmi/weather/date=2026-07-28/station=rovaniemi/data.parquet
2026-07-28 tampere: 288 rows -> /home/maya/github/Finnish-energy-pipeline/data/staging/fmi/weather/date=2026-07-28/station=tampere/data.parquet
2026-07-28 turku: 288 rows -> /home/maya/github/Finnish-energy-pipeline/data/staging/fmi/weather/date=2026-07-28/station=turku/data.parquet
2026-07-28 vaasa: 288 rows -> /home/maya/github/Finnish-energy-pipeline/data/staging/fmi/weather/date=2026-07-28/station=vaasa/data.parquet
2026-07-29 helsinki: 288 rows -> /home/maya/github/Finnish-energy-pipeline/data/staging/fmi/weather/date=2026-07-29/station=helsinki/data.parquet
2026-07-29 oulu: 288 rows -> /home/maya/github/Finnish-energy-pipeline/data/staging/fmi/weather/date=2026-07-29/station=oulu/data.parquet
2026-07-29 rovaniemi: 288 rows -> /home/maya/github/Finnish-energy-pipeline/data/staging/fmi/weather/date=2026-07-29/station=rovaniemi/data.parquet
2026-07-29 tampere: 288 rows -> /home/maya/github/Finnish-energy-pipeline/data/staging/fmi/weather/date=2026-07-29/station=tampere/data.parquet
2026-07-29 turku: 288 rows -> /home/maya/github/Finnish-energy-pipeline/data/staging/fmi/weather/date=2026-07-29/station=turku/data.parquet
2026-07-29 vaasa: 288 rows -> /home/maya/github/Finnish-energy-pipeline/data/staging/fmi/weather/date=2026-07-29/station=vaasa/data.parquet
2026-07-30 helsinki: 288 rows -> /home/maya/github/Finnish-energy-pipeline/data/staging/fmi/weather/date=2026-07-30/station=helsinki/data.parquet
2026-07-30 oulu: 288 rows -> /home/maya/github/Finnish-energy-pipeline/data/staging/fmi/weather/date=2026-07-30/station=oulu/data.parquet
2026-07-30 rovaniemi: 288 rows -> /home/maya/github/Finnish-energy-pipeline/data/staging/fmi/weather/date=2026-07-30/station=rovaniemi/data.parquet
2026-07-30 tampere: 288 rows -> /home/maya/github/Finnish-energy-pipeline/data/staging/fmi/weather/date=2026-07-30/station=tampere/data.parquet
2026-07-30 turku: 288 rows -> /home/maya/github/Finnish-energy-pipeline/data/staging/fmi/weather/date=2026-07-30/station=turku/data.parquet
2026-07-30 vaasa: 288 rows -> /home/maya/github/Finnish-energy-pipeline/data/staging/fmi/weather/date=2026-07-30/station=vaasa/data.parquet
2026-07-31 helsinki: 288 rows -> /home/maya/github/Finnish-energy-pipeline/data/staging/fmi/weather/date=2026-07-31/station=helsinki/data.parquet
2026-07-31 oulu: 288 rows -> /home/maya/github/Finnish-energy-pipeline/data/staging/fmi/weather/date=2026-07-31/station=oulu/data.parquet
2026-07-31 rovaniemi: 288 rows -> /home/maya/github/Finnish-energy-pipeline/data/staging/fmi/weather/date=2026-07-31/station=rovaniemi/data.parquet
2026-07-31 tampere: 288 rows -> /home/maya/github/Finnish-energy-pipeline/data/staging/fmi/weather/date=2026-07-31/station=tampere/data.parquet
2026-07-31 turku: 288 rows -> /home/maya/github/Finnish-energy-pipeline/data/staging/fmi/weather/date=2026-07-31/station=turku/data.parquet
2026-07-31 vaasa: 288 rows -> /home/maya/github/Finnish-energy-pipeline/data/staging/fmi/weather/date=2026-07-31/station=vaasa/data.parquet
2026-08-01 helsinki: 288 rows -> /home/maya/github/Finnish-energy-pipeline/data/staging/fmi/weather/date=2026-08-01/station=helsinki/data.parquet
2026-08-01 oulu: 288 rows -> /home/maya/github/Finnish-energy-pipeline/data/staging/fmi/weather/date=2026-08-01/station=oulu/data.parquet
2026-08-01 rovaniemi: 288 rows -> /home/maya/github/Finnish-energy-pipeline/data/staging/fmi/weather/date=2026-08-01/station=rovaniemi/data.parquet
2026-08-01 tampere: 288 rows -> /home/maya/github/Finnish-energy-pipeline/data/staging/fmi/weather/date=2026-08-01/station=tampere/data.parquet
2026-08-01 turku: 288 rows -> /home/maya/github/Finnish-energy-pipeline/data/staging/fmi/weather/date=2026-08-01/station=turku/data.parquet
2026-08-01 vaasa: 288 rows -> /home/maya/github/Finnish-energy-pipeline/data/staging/fmi/weather/date=2026-08-01/station=vaasa/data.parquet
2026-08-02 helsinki: 288 rows -> /home/maya/github/Finnish-energy-pipeline/data/staging/fmi/weather/date=2026-08-02/station=helsinki/data.parquet
2026-08-02 oulu: 288 rows -> /home/maya/github/Finnish-energy-pipeline/data/staging/fmi/weather/date=2026-08-02/station=oulu/data.parquet
2026-08-02 rovaniemi: 288 rows -> /home/maya/github/Finnish-energy-pipeline/data/staging/fmi/weather/date=2026-08-02/station=rovaniemi/data.parquet
2026-08-02 tampere: 288 rows -> /home/maya/github/Finnish-energy-pipeline/data/staging/fmi/weather/date=2026-08-02/station=tampere/data.parquet
2026-08-02 turku: 288 rows -> /home/maya/github/Finnish-energy-pipeline/data/staging/fmi/weather/date=2026-08-02/station=turku/data.parquet
2026-08-02 vaasa: 288 rows -> /home/maya/github/Finnish-energy-pipeline/data/staging/fmi/weather/date=2026-08-02/station=vaasa/data.parquet
2026-08-03 helsinki: 288 rows -> /home/maya/github/Finnish-energy-pipeline/data/staging/fmi/weather/date=2026-08-03/station=helsinki/data.parquet
2026-08-03 oulu: 288 rows -> /home/maya/github/Finnish-energy-pipeline/data/staging/fmi/weather/date=2026-08-03/station=oulu/data.parquet
2026-08-03 rovaniemi: 288 rows -> /home/maya/github/Finnish-energy-pipeline/data/staging/fmi/weather/date=2026-08-03/station=rovaniemi/data.parquet
2026-08-03 tampere: 288 rows -> /home/maya/github/Finnish-energy-pipeline/data/staging/fmi/weather/date=2026-08-03/station=tampere/data.parquet
2026-08-03 turku: 288 rows -> /home/maya/github/Finnish-energy-pipeline/data/staging/fmi/weather/date=2026-08-03/station=turku/data.parquet
2026-08-03 vaasa: 288 rows -> /home/maya/github/Finnish-energy-pipeline/data/staging/fmi/weather/date=2026-08-03/station=vaasa/data.parquet
2026-08-04 helsinki: 288 rows -> /home/maya/github/Finnish-energy-pipeline/data/staging/fmi/weather/date=2026-08-04/station=helsinki/data.parquet
2026-08-04 oulu: 288 rows -> /home/maya/github/Finnish-energy-pipeline/data/staging/fmi/weather/date=2026-08-04/station=oulu/data.parquet
2026-08-04 rovaniemi: 288 rows -> /home/maya/github/Finnish-energy-pipeline/data/staging/fmi/weather/date=2026-08-04/station=rovaniemi/data.parquet
2026-08-04 tampere: 288 rows -> /home/maya/github/Finnish-energy-pipeline/data/staging/fmi/weather/date=2026-08-04/station=tampere/data.parquet
2026-08-04 turku: 288 rows -> /home/maya/github/Finnish-energy-pipeline/data/staging/fmi/weather/date=2026-08-04/station=turku/data.parquet
2026-08-04 vaasa: 288 rows -> /home/maya/github/Finnish-energy-pipeline/data/staging/fmi/weather/date=2026-08-04/station=vaasa/data.parquet
2026-08-05 helsinki: 288 rows -> /home/maya/github/Finnish-energy-pipeline/data/staging/fmi/weather/date=2026-08-05/station=helsinki/data.parquet
2026-08-05 oulu: 288 rows -> /home/maya/github/Finnish-energy-pipeline/data/staging/fmi/weather/date=2026-08-05/station=oulu/data.parquet
2026-08-05 rovaniemi: 288 rows -> /home/maya/github/Finnish-energy-pipeline/data/staging/fmi/weather/date=2026-08-05/station=rovaniemi/data.parquet
2026-08-05 tampere: 288 rows -> /home/maya/github/Finnish-energy-pipeline/data/staging/fmi/weather/date=2026-08-05/station=tampere/data.parquet
2026-08-05 turku: 288 rows -> /home/maya/github/Finnish-energy-pipeline/data/staging/fmi/weather/date=2026-08-05/station=turku/data.parquet
2026-08-05 vaasa: 288 rows -> /home/maya/github/Finnish-energy-pipeline/data/staging/fmi/weather/date=2026-08-05/station=vaasa/data.parquet
2026-08-06 helsinki: 288 rows -> /home/maya/github/Finnish-energy-pipeline/data/staging/fmi/weather/date=2026-08-06/station=helsinki/data.parquet
2026-08-06 oulu: 288 rows -> /home/maya/github/Finnish-energy-pipeline/data/staging/fmi/weather/date=2026-08-06/station=oulu/data.parquet
2026-08-06 rovaniemi: 288 rows -> /home/maya/github/Finnish-energy-pipeline/data/staging/fmi/weather/date=2026-08-06/station=rovaniemi/data.parquet
2026-08-06 tampere: 288 rows -> /home/maya/github/Finnish-energy-pipeline/data/staging/fmi/weather/date=2026-08-06/station=tampere/data.parquet
2026-08-06 turku: 288 rows -> /home/maya/github/Finnish-energy-pipeline/data/staging/fmi/weather/date=2026-08-06/station=turku/data.parquet
2026-08-06 vaasa: 288 rows -> /home/maya/github/Finnish-energy-pipeline/data/staging/fmi/weather/date=2026-08-06/station=vaasa/data.parquet
2026-08-07 helsinki: 288 rows -> /home/maya/github/Finnish-energy-pipeline/data/staging/fmi/weather/date=2026-08-07/station=helsinki/data.parquet
2026-08-07 oulu: 288 rows -> /home/maya/github/Finnish-energy-pipeline/data/staging/fmi/weather/date=2026-08-07/station=oulu/data.parquet
2026-08-07 rovaniemi: 288 rows -> /home/maya/github/Finnish-energy-pipeline/data/staging/fmi/weather/date=2026-08-07/station=rovaniemi/data.parquet
2026-08-07 tampere: 288 rows -> /home/maya/github/Finnish-energy-pipeline/data/staging/fmi/weather/date=2026-08-07/station=tampere/data.parquet
2026-08-07 turku: 288 rows -> /home/maya/github/Finnish-energy-pipeline/data/staging/fmi/weather/date=2026-08-07/station=turku/data.parquet
2026-08-07 vaasa: 288 rows -> /home/maya/github/Finnish-energy-pipeline/data/staging/fmi/weather/date=2026-08-07/station=vaasa/data.parquet
2026-08-08 helsinki: 288 rows -> /home/maya/github/Finnish-energy-pipeline/data/staging/fmi/weather/date=2026-08-08/station=helsinki/data.parquet
2026-08-08 oulu: 288 rows -> /home/maya/github/Finnish-energy-pipeline/data/staging/fmi/weather/date=2026-08-08/station=oulu/data.parquet
2026-08-08 rovaniemi: 288 rows -> /home/maya/github/Finnish-energy-pipeline/data/staging/fmi/weather/date=2026-08-08/station=rovaniemi/data.parquet
2026-08-08 tampere: 288 rows -> /home/maya/github/Finnish-energy-pipeline/data/staging/fmi/weather/date=2026-08-08/station=tampere/data.parquet
2026-08-08 turku: 288 rows -> /home/maya/github/Finnish-energy-pipeline/data/staging/fmi/weather/date=2026-08-08/station=turku/data.parquet
2026-08-08 vaasa: 288 rows -> /home/maya/github/Finnish-energy-pipeline/data/staging/fmi/weather/date=2026-08-08/station=vaasa/data.parquet
2026-08-09 helsinki: 288 rows -> /home/maya/github/Finnish-energy-pipeline/data/staging/fmi/weather/date=2026-08-09/station=helsinki/data.parquet
2026-08-09 oulu: 288 rows -> /home/maya/github/Finnish-energy-pipeline/data/staging/fmi/weather/date=2026-08-09/station=oulu/data.parquet
2026-08-09 rovaniemi: 288 rows -> /home/maya/github/Finnish-energy-pipeline/data/staging/fmi/weather/date=2026-08-09/station=rovaniemi/data.parquet
2026-08-09 tampere: 288 rows -> /home/maya/github/Finnish-energy-pipeline/data/staging/fmi/weather/date=2026-08-09/station=tampere/data.parquet
2026-08-09 turku: 288 rows -> /home/maya/github/Finnish-energy-pipeline/data/staging/fmi/weather/date=2026-08-09/station=turku/data.parquet
2026-08-09 vaasa: 288 rows -> /home/maya/github/Finnish-energy-pipeline/data/staging/fmi/weather/date=2026-08-09/station=vaasa/data.parquet
2026-08-10 helsinki: 288 rows -> /home/maya/github/Finnish-energy-pipeline/data/staging/fmi/weather/date=2026-08-10/station=helsinki/data.parquet
2026-08-10 oulu: 288 rows -> /home/maya/github/Finnish-energy-pipeline/data/staging/fmi/weather/date=2026-08-10/station=oulu/data.parquet
2026-08-10 rovaniemi: 288 rows -> /home/maya/github/Finnish-energy-pipeline/data/staging/fmi/weather/date=2026-08-10/station=rovaniemi/data.parquet
2026-08-10 tampere: 288 rows -> /home/maya/github/Finnish-energy-pipeline/data/staging/fmi/weather/date=2026-08-10/station=tampere/data.parquet
2026-08-10 turku: 288 rows -> /home/maya/github/Finnish-energy-pipeline/data/staging/fmi/weather/date=2026-08-10/station=turku/data.parquet
2026-08-10 vaasa: 288 rows -> /home/maya/github/Finnish-energy-pipeline/data/staging/fmi/weather/date=2026-08-10/station=vaasa/data.parquet
2026-08-11 helsinki: 288 rows -> /home/maya/github/Finnish-energy-pipeline/data/staging/fmi/weather/date=2026-08-11/station=helsinki/data.parquet
2026-08-11 oulu: 288 rows -> /home/maya/github/Finnish-energy-pipeline/data/staging/fmi/weather/date=2026-08-11/station=oulu/data.parquet
2026-08-11 rovaniemi: 288 rows -> /home/maya/github/Finnish-energy-pipeline/data/staging/fmi/weather/date=2026-08-11/station=rovaniemi/data.parquet
2026-08-11 tampere: 288 rows -> /home/maya/github/Finnish-energy-pipeline/data/staging/fmi/weather/date=2026-08-11/station=tampere/data.parquet
2026-08-11 turku: 288 rows -> /home/maya/github/Finnish-energy-pipeline/data/staging/fmi/weather/date=2026-08-11/station=turku/data.parquet
2026-08-11 vaasa: 288 rows -> /home/maya/github/Finnish-energy-pipeline/data/staging/fmi/weather/date=2026-08-11/station=vaasa/data.parquet
2026-08-12 helsinki: 288 rows -> /home/maya/github/Finnish-energy-pipeline/data/staging/fmi/weather/date=2026-08-12/station=helsinki/data.parquet
2026-08-12 oulu: 288 rows -> /home/maya/github/Finnish-energy-pipeline/data/staging/fmi/weather/date=2026-08-12/station=oulu/data.parquet
2026-08-12 rovaniemi: 288 rows -> /home/maya/github/Finnish-energy-pipeline/data/staging/fmi/weather/date=2026-08-12/station=rovaniemi/data.parquet
2026-08-12 tampere: 288 rows -> /home/maya/github/Finnish-energy-pipeline/data/staging/fmi/weather/date=2026-08-12/station=tampere/data.parquet
2026-08-12 turku: 288 rows -> /home/maya/github/Finnish-energy-pipeline/data/staging/fmi/weather/date=2026-08-12/station=turku/data.parquet
2026-08-12 vaasa: 288 rows -> /home/maya/github/Finnish-energy-pipeline/data/staging/fmi/weather/date=2026-08-12/station=vaasa/data.parquet
2026-08-13 helsinki: 288 rows -> /home/maya/github/Finnish-energy-pipeline/data/staging/fmi/weather/date=2026-08-13/station=helsinki/data.parquet
2026-08-13 oulu: 288 rows -> /home/maya/github/Finnish-energy-pipeline/data/staging/fmi/weather/date=2026-08-13/station=oulu/data.parquet
2026-08-13 rovaniemi: 288 rows -> /home/maya/github/Finnish-energy-pipeline/data/staging/fmi/weather/date=2026-08-13/station=rovaniemi/data.parquet
2026-08-13 tampere: 288 rows -> /home/maya/github/Finnish-energy-pipeline/data/staging/fmi/weather/date=2026-08-13/station=tampere/data.parquet
2026-08-13 turku: 288 rows -> /home/maya/github/Finnish-energy-pipeline/data/staging/fmi/weather/date=2026-08-13/station=turku/data.parquet
2026-08-13 vaasa: 288 rows -> /home/maya/github/Finnish-energy-pipeline/data/staging/fmi/weather/date=2026-08-13/station=vaasa/data.parquet
2026-08-14 helsinki: 288 rows -> /home/maya/github/Finnish-energy-pipeline/data/staging/fmi/weather/date=2026-08-14/station=helsinki/data.parquet
2026-08-14 oulu: 288 rows -> /home/maya/github/Finnish-energy-pipeline/data/staging/fmi/weather/date=2026-08-14/station=oulu/data.parquet
2026-08-14 rovaniemi: 288 rows -> /home/maya/github/Finnish-energy-pipeline/data/staging/fmi/weather/date=2026-08-14/station=rovaniemi/data.parquet
2026-08-14 tampere: 288 rows -> /home/maya/github/Finnish-energy-pipeline/data/staging/fmi/weather/date=2026-08-14/station=tampere/data.parquet
2026-08-14 turku: 288 rows -> /home/maya/github/Finnish-energy-pipeline/data/staging/fmi/weather/date=2026-08-14/station=turku/data.parquet
2026-08-14 vaasa: 288 rows -> /home/maya/github/Finnish-energy-pipeline/data/staging/fmi/weather/date=2026-08-14/station=vaasa/data.parquet
2026-08-15 helsinki: 288 rows -> /home/maya/github/Finnish-energy-pipeline/data/staging/fmi/weather/date=2026-08-15/station=helsinki/data.parquet
2026-08-15 oulu: 288 rows -> /home/maya/github/Finnish-energy-pipeline/data/staging/fmi/weather/date=2026-08-15/station=oulu/data.parquet
2026-08-15 rovaniemi: 288 rows -> /home/maya/github/Finnish-energy-pipeline/data/staging/fmi/weather/date=2026-08-15/station=rovaniemi/data.parquet
2026-08-15 tampere: 288 rows -> /home/maya/github/Finnish-energy-pipeline/data/staging/fmi/weather/date=2026-08-15/station=tampere/data.parquet
2026-08-15 turku: 288 rows -> /home/maya/github/Finnish-energy-pipeline/data/staging/fmi/weather/date=2026-08-15/station=turku/data.parquet
2026-08-15 vaasa: 288 rows -> /home/maya/github/Finnish-energy-pipeline/data/staging/fmi/weather/date=2026-08-15/station=vaasa/data.parquet
2026-08-16 helsinki: 288 rows -> /home/maya/github/Finnish-energy-pipeline/data/staging/fmi/weather/date=2026-08-16/station=helsinki/data.parquet
2026-08-16 oulu: 288 rows -> /home/maya/github/Finnish-energy-pipeline/data/staging/fmi/weather/date=2026-08-16/station=oulu/data.parquet
2026-08-16 rovaniemi: 288 rows -> /home/maya/github/Finnish-energy-pipeline/data/staging/fmi/weather/date=2026-08-16/station=rovaniemi/data.parquet
2026-08-16 tampere: 288 rows -> /home/maya/github/Finnish-energy-pipeline/data/staging/fmi/weather/date=2026-08-16/station=tampere/data.parquet
2026-08-16 turku: 288 rows -> /home/maya/github/Finnish-energy-pipeline/data/staging/fmi/weather/date=2026-08-16/station=turku/data.parquet
2026-08-16 vaasa: 288 rows -> /home/maya/github/Finnish-energy-pipeline/data/staging/fmi/weather/date=2026-08-16/station=vaasa/data.parquet
2026-08-17 helsinki: 288 rows -> /home/maya/github/Finnish-energy-pipeline/data/staging/fmi/weather/date=2026-08-17/station=helsinki/data.parquet
2026-08-17 oulu: 288 rows -> /home/maya/github/Finnish-energy-pipeline/data/staging/fmi/weather/date=2026-08-17/station=oulu/data.parquet
2026-08-17 rovaniemi: 288 rows -> /home/maya/github/Finnish-energy-pipeline/data/staging/fmi/weather/date=2026-08-17/station=rovaniemi/data.parquet
2026-08-17 tampere: 288 rows -> /home/maya/github/Finnish-energy-pipeline/data/staging/fmi/weather/date=2026-08-17/station=tampere/data.parquet
2026-08-17 turku: 288 rows -> /home/maya/github/Finnish-energy-pipeline/data/staging/fmi/weather/date=2026-08-17/station=turku/data.parquet
2026-08-17 vaasa: 288 rows -> /home/maya/github/Finnish-energy-pipeline/data/staging/fmi/weather/date=2026-08-17/station=vaasa/data.parquet
2026-08-18 helsinki: 288 rows -> /home/maya/github/Finnish-energy-pipeline/data/staging/fmi/weather/date=2026-08-18/station=helsinki/data.parquet
2026-08-18 oulu: 288 rows -> /home/maya/github/Finnish-energy-pipeline/data/staging/fmi/weather/date=2026-08-18/station=oulu/data.parquet
2026-08-18 rovaniemi: 288 rows -> /home/maya/github/Finnish-energy-pipeline/data/staging/fmi/weather/date=2026-08-18/station=rovaniemi/data.parquet
2026-08-18 tampere: 288 rows -> /home/maya/github/Finnish-energy-pipeline/data/staging/fmi/weather/date=2026-08-18/station=tampere/data.parquet
2026-08-18 turku: 288 rows -> /home/maya/github/Finnish-energy-pipeline/data/staging/fmi/weather/date=2026-08-18/station=turku/data.parquet
2026-08-18 vaasa: 288 rows -> /home/maya/github/Finnish-energy-pipeline/data/staging/fmi/weather/date=2026-08-18/station=vaasa/data.parquet
2026-08-19 helsinki: 288 rows -> /home/maya/github/Finnish-energy-pipeline/data/staging/fmi/weather/date=2026-08-19/station=helsinki/data.parquet
2026-08-19 oulu: 288 rows -> /home/maya/github/Finnish-energy-pipeline/data/staging/fmi/weather/date=2026-08-19/station=oulu/data.parquet
2026-08-19 rovaniemi: 288 rows -> /home/maya/github/Finnish-energy-pipeline/data/staging/fmi/weather/date=2026-08-19/station=rovaniemi/data.parquet
2026-08-19 tampere: 288 rows -> /home/maya/github/Finnish-energy-pipeline/data/staging/fmi/weather/date=2026-08-19/station=tampere/data.parquet
2026-08-19 turku: 288 rows -> /home/maya/github/Finnish-energy-pipeline/data/staging/fmi/weather/date=2026-08-19/station=turku/data.parquet
2026-08-19 vaasa: 288 rows -> /home/maya/github/Finnish-energy-pipeline/data/staging/fmi/weather/date=2026-08-19/station=vaasa/data.parquet
2026-08-20 helsinki: 288 rows -> /home/maya/github/Finnish-energy-pipeline/data/staging/fmi/weather/date=2026-08-20/station=helsinki/data.parquet
2026-08-20 oulu: 288 rows -> /home/maya/github/Finnish-energy-pipeline/data/staging/fmi/weather/date=2026-08-20/station=oulu/data.parquet
2026-08-20 rovaniemi: 288 rows -> /home/maya/github/Finnish-energy-pipeline/data/staging/fmi/weather/date=2026-08-20/station=rovaniemi/data.parquet
2026-08-20 tampere: 288 rows -> /home/maya/github/Finnish-energy-pipeline/data/staging/fmi/weather/date=2026-08-20/station=tampere/data.parquet
2026-08-20 turku: 288 rows -> /home/maya/github/Finnish-energy-pipeline/data/staging/fmi/weather/date=2026-08-20/station=turku/data.parquet
2026-08-20 vaasa: 288 rows -> /home/maya/github/Finnish-energy-pipeline/data/staging/fmi/weather/date=2026-08-20/station=vaasa/data.parquet
2026-08-21 helsinki: 288 rows -> /home/maya/github/Finnish-energy-pipeline/data/staging/fmi/weather/date=2026-08-21/station=helsinki/data.parquet
2026-08-21 oulu: 288 rows -> /home/maya/github/Finnish-energy-pipeline/data/staging/fmi/weather/date=2026-08-21/station=oulu/data.parquet
2026-08-21 rovaniemi: 288 rows -> /home/maya/github/Finnish-energy-pipeline/data/staging/fmi/weather/date=2026-08-21/station=rovaniemi/data.parquet
2026-08-21 tampere: 288 rows -> /home/maya/github/Finnish-energy-pipeline/data/staging/fmi/weather/date=2026-08-21/station=tampere/data.parquet
2026-08-21 turku: 288 rows -> /home/maya/github/Finnish-energy-pipeline/data/staging/fmi/weather/date=2026-08-21/station=turku/data.parquet
2026-08-21 vaasa: 288 rows -> /home/maya/github/Finnish-energy-pipeline/data/staging/fmi/weather/date=2026-08-21/station=vaasa/data.parquet
2026-08-22 helsinki: 288 rows -> /home/maya/github/Finnish-energy-pipeline/data/staging/fmi/weather/date=2026-08-22/station=helsinki/data.parquet
2026-08-22 oulu: 288 rows -> /home/maya/github/Finnish-energy-pipeline/data/staging/fmi/weather/date=2026-08-22/station=oulu/data.parquet
2026-08-22 rovaniemi: 288 rows -> /home/maya/github/Finnish-energy-pipeline/data/staging/fmi/weather/date=2026-08-22/station=rovaniemi/data.parquet
2026-08-22 tampere: 288 rows -> /home/maya/github/Finnish-energy-pipeline/data/staging/fmi/weather/date=2026-08-22/station=tampere/data.parquet
2026-08-22 turku: 288 rows -> /home/maya/github/Finnish-energy-pipeline/data/staging/fmi/weather/date=2026-08-22/station=turku/data.parquet
2026-08-22 vaasa: 288 rows -> /home/maya/github/Finnish-energy-pipeline/data/staging/fmi/weather/date=2026-08-22/station=vaasa/data.parquet
2026-08-23 helsinki: 288 rows -> /home/maya/github/Finnish-energy-pipeline/data/staging/fmi/weather/date=2026-08-23/station=helsinki/data.parquet
2026-08-23 oulu: 288 rows -> /home/maya/github/Finnish-energy-pipeline/data/staging/fmi/weather/date=2026-08-23/station=oulu/data.parquet
2026-08-23 rovaniemi: 288 rows -> /home/maya/github/Finnish-energy-pipeline/data/staging/fmi/weather/date=2026-08-23/station=rovaniemi/data.parquet
2026-08-23 tampere: 288 rows -> /home/maya/github/Finnish-energy-pipeline/data/staging/fmi/weather/date=2026-08-23/station=tampere/data.parquet
2026-08-23 turku: 288 rows -> /home/maya/github/Finnish-energy-pipeline/data/staging/fmi/weather/date=2026-08-23/station=turku/data.parquet
2026-08-23 vaasa: 288 rows -> /home/maya/github/Finnish-energy-pipeline/data/staging/fmi/weather/date=2026-08-23/station=vaasa/data.parquet
2026-08-24 helsinki: 288 rows -> /home/maya/github/Finnish-energy-pipeline/data/staging/fmi/weather/date=2026-08-24/station=helsinki/data.parquet
2026-08-24 oulu: 288 rows -> /home/maya/github/Finnish-energy-pipeline/data/staging/fmi/weather/date=2026-08-24/station=oulu/data.parquet
2026-08-24 rovaniemi: 288 rows -> /home/maya/github/Finnish-energy-pipeline/data/staging/fmi/weather/date=2026-08-24/station=rovaniemi/data.parquet
2026-08-24 tampere: 288 rows -> /home/maya/github/Finnish-energy-pipeline/data/staging/fmi/weather/date=2026-08-24/station=tampere/data.parquet
2026-08-24 turku: 288 rows -> /home/maya/github/Finnish-energy-pipeline/data/staging/fmi/weather/date=2026-08-24/station=turku/data.parquet
2026-08-24 vaasa: 288 rows -> /home/maya/github/Finnish-energy-pipeline/data/staging/fmi/weather/date=2026-08-24/station=vaasa/data.parquet
2026-08-25 helsinki: 288 rows -> /home/maya/github/Finnish-energy-pipeline/data/staging/fmi/weather/date=2026-08-25/station=helsinki/data.parquet
2026-08-25 oulu: 288 rows -> /home/maya/github/Finnish-energy-pipeline/data/staging/fmi/weather/date=2026-08-25/station=oulu/data.parquet
2026-08-25 rovaniemi: 288 rows -> /home/maya/github/Finnish-energy-pipeline/data/staging/fmi/weather/date=2026-08-25/station=rovaniemi/data.parquet
2026-08-25 tampere: 288 rows -> /home/maya/github/Finnish-energy-pipeline/data/staging/fmi/weather/date=2026-08-25/station=tampere/data.parquet
2026-08-25 turku: 288 rows -> /home/maya/github/Finnish-energy-pipeline/data/staging/fmi/weather/date=2026-08-25/station=turku/data.parquet
2026-08-25 vaasa: 288 rows -> /home/maya/github/Finnish-energy-pipeline/data/staging/fmi/weather/date=2026-08-25/station=vaasa/data.parquet
2026-08-26 helsinki: 288 rows -> /home/maya/github/Finnish-energy-pipeline/data/staging/fmi/weather/date=2026-08-26/station=helsinki/data.parquet
2026-08-26 oulu: 288 rows -> /home/maya/github/Finnish-energy-pipeline/data/staging/fmi/weather/date=2026-08-26/station=oulu/data.parquet
2026-08-26 rovaniemi: 288 rows -> /home/maya/github/Finnish-energy-pipeline/data/staging/fmi/weather/date=2026-08-26/station=rovaniemi/data.parquet
2026-08-26 tampere: 288 rows -> /home/maya/github/Finnish-energy-pipeline/data/staging/fmi/weather/date=2026-08-26/station=tampere/data.parquet
2026-08-26 turku: 288 rows -> /home/maya/github/Finnish-energy-pipeline/data/staging/fmi/weather/date=2026-08-26/station=turku/data.parquet
2026-08-26 vaasa: 288 rows -> /home/maya/github/Finnish-energy-pipeline/data/staging/fmi/weather/date=2026-08-26/station=vaasa/data.parquet
2026-08-27 helsinki: 288 rows -> /home/maya/github/Finnish-energy-pipeline/data/staging/fmi/weather/date=2026-08-27/station=helsinki/data.parquet
2026-08-27 oulu: 288 rows -> /home/maya/github/Finnish-energy-pipeline/data/staging/fmi/weather/date=2026-08-27/station=oulu/data.parquet
2026-08-27 rovaniemi: 288 rows -> /home/maya/github/Finnish-energy-pipeline/data/staging/fmi/weather/date=2026-08-27/station=rovaniemi/data.parquet
2026-08-27 tampere: 288 rows -> /home/maya/github/Finnish-energy-pipeline/data/staging/fmi/weather/date=2026-08-27/station=tampere/data.parquet
2026-08-27 turku: 288 rows -> /home/maya/github/Finnish-energy-pipeline/data/staging/fmi/weather/date=2026-08-27/station=turku/data.parquet
2026-08-27 vaasa: 288 rows -> /home/maya/github/Finnish-energy-pipeline/data/staging/fmi/weather/date=2026-08-27/station=vaasa/data.parquet
2026-08-28 helsinki: 288 rows -> /home/maya/github/Finnish-energy-pipeline/data/staging/fmi/weather/date=2026-08-28/station=helsinki/data.parquet
2026-08-28 oulu: 288 rows -> /home/maya/github/Finnish-energy-pipeline/data/staging/fmi/weather/date=2026-08-28/station=oulu/data.parquet
2026-08-28 rovaniemi: 288 rows -> /home/maya/github/Finnish-energy-pipeline/data/staging/fmi/weather/date=2026-08-28/station=rovaniemi/data.parquet
2026-08-28 tampere: 288 rows -> /home/maya/github/Finnish-energy-pipeline/data/staging/fmi/weather/date=2026-08-28/station=tampere/data.parquet
2026-08-28 turku: 288 rows -> /home/maya/github/Finnish-energy-pipeline/data/staging/fmi/weather/date=2026-08-28/station=turku/data.parquet
2026-08-28 vaasa: 288 rows -> /home/maya/github/Finnish-energy-pipeline/data/staging/fmi/weather/date=2026-08-28/station=vaasa/data.parquet
2026-08-29 helsinki: 288 rows -> /home/maya/github/Finnish-energy-pipeline/data/staging/fmi/weather/date=2026-08-29/station=helsinki/data.parquet
2026-08-29 oulu: 288 rows -> /home/maya/github/Finnish-energy-pipeline/data/staging/fmi/weather/date=2026-08-29/station=oulu/data.parquet
2026-08-29 rovaniemi: 288 rows -> /home/maya/github/Finnish-energy-pipeline/data/staging/fmi/weather/date=2026-08-29/station=rovaniemi/data.parquet
2026-08-29 tampere: 288 rows -> /home/maya/github/Finnish-energy-pipeline/data/staging/fmi/weather/date=2026-08-29/station=tampere/data.parquet
2026-08-29 turku: 288 rows -> /home/maya/github/Finnish-energy-pipeline/data/staging/fmi/weather/date=2026-08-29/station=turku/data.parquet
2026-08-29 vaasa: 288 rows -> /home/maya/github/Finnish-energy-pipeline/data/staging/fmi/weather/date=2026-08-29/station=vaasa/data.parquet
2026-08-30 helsinki: 288 rows -> /home/maya/github/Finnish-energy-pipeline/data/staging/fmi/weather/date=2026-08-30/station=helsinki/data.parquet
2026-08-30 oulu: 288 rows -> /home/maya/github/Finnish-energy-pipeline/data/staging/fmi/weather/date=2026-08-30/station=oulu/data.parquet
2026-08-30 rovaniemi: 288 rows -> /home/maya/github/Finnish-energy-pipeline/data/staging/fmi/weather/date=2026-08-30/station=rovaniemi/data.parquet
2026-08-30 tampere: 288 rows -> /home/maya/github/Finnish-energy-pipeline/data/staging/fmi/weather/date=2026-08-30/station=tampere/data.parquet
2026-08-30 turku: 288 rows -> /home/maya/github/Finnish-energy-pipeline/data/staging/fmi/weather/date=2026-08-30/station=turku/data.parquet
2026-08-30 vaasa: 288 rows -> /home/maya/github/Finnish-energy-pipeline/data/staging/fmi/weather/date=2026-08-30/station=vaasa/data.parquet
2026-08-31 helsinki: 288 rows -> /home/maya/github/Finnish-energy-pipeline/data/staging/fmi/weather/date=2026-08-31/station=helsinki/data.parquet
2026-08-31 oulu: 288 rows -> /home/maya/github/Finnish-energy-pipeline/data/staging/fmi/weather/date=2026-08-31/station=oulu/data.parquet
2026-08-31 rovaniemi: 288 rows -> /home/maya/github/Finnish-energy-pipeline/data/staging/fmi/weather/date=2026-08-31/station=rovaniemi/data.parquet
2026-08-31 tampere: 288 rows -> /home/maya/github/Finnish-energy-pipeline/data/staging/fmi/weather/date=2026-08-31/station=tampere/data.parquet
2026-08-31 turku: 288 rows -> /home/maya/github/Finnish-energy-pipeline/data/staging/fmi/weather/date=2026-08-31/station=turku/data.parquet
2026-08-31 vaasa: 288 rows -> /home/maya/github/Finnish-energy-pipeline/data/staging/fmi/weather/date=2026-08-31/station=vaasa/data.parquet
2026-09-01 helsinki: 288 rows -> /home/maya/github/Finnish-energy-pipeline/data/staging/fmi/weather/date=2026-09-01/station=helsinki/data.parquet
2026-09-01 oulu: 288 rows -> /home/maya/github/Finnish-energy-pipeline/data/staging/fmi/weather/date=2026-09-01/station=oulu/data.parquet
2026-09-01 rovaniemi: 288 rows -> /home/maya/github/Finnish-energy-pipeline/data/staging/fmi/weather/date=2026-09-01/station=rovaniemi/data.parquet
2026-09-01 tampere: 288 rows -> /home/maya/github/Finnish-energy-pipeline/data/staging/fmi/weather/date=2026-09-01/station=tampere/data.parquet
2026-09-01 turku: 288 rows -> /home/maya/github/Finnish-energy-pipeline/data/staging/fmi/weather/date=2026-09-01/station=turku/data.parquet
2026-09-01 vaasa: 288 rows -> /home/maya/github/Finnish-energy-pipeline/data/staging/fmi/weather/date=2026-09-01/station=vaasa/data.parquet
2026-09-02 helsinki: 288 rows -> /home/maya/github/Finnish-energy-pipeline/data/staging/fmi/weather/date=2026-09-02/station=helsinki/data.parquet
2026-09-02 oulu: 288 rows -> /home/maya/github/Finnish-energy-pipeline/data/staging/fmi/weather/date=2026-09-02/station=oulu/data.parquet
2026-09-02 rovaniemi: 288 rows -> /home/maya/github/Finnish-energy-pipeline/data/staging/fmi/weather/date=2026-09-02/station=rovaniemi/data.parquet
2026-09-02 tampere: 288 rows -> /home/maya/github/Finnish-energy-pipeline/data/staging/fmi/weather/date=2026-09-02/station=tampere/data.parquet
2026-09-02 turku: 288 rows -> /home/maya/github/Finnish-energy-pipeline/data/staging/fmi/weather/date=2026-09-02/station=turku/data.parquet
2026-09-02 vaasa: 288 rows -> /home/maya/github/Finnish-energy-pipeline/data/staging/fmi/weather/date=2026-09-02/station=vaasa/data.parquet
2026-09-03 helsinki: 288 rows -> /home/maya/github/Finnish-energy-pipeline/data/staging/fmi/weather/date=2026-09-03/station=helsinki/data.parquet
2026-09-03 oulu: 288 rows -> /home/maya/github/Finnish-energy-pipeline/data/staging/fmi/weather/date=2026-09-03/station=oulu/data.parquet
2026-09-03 rovaniemi: 288 rows -> /home/maya/github/Finnish-energy-pipeline/data/staging/fmi/weather/date=2026-09-03/station=rovaniemi/data.parquet
2026-09-03 tampere: 288 rows -> /home/maya/github/Finnish-energy-pipeline/data/staging/fmi/weather/date=2026-09-03/station=tampere/data.parquet
2026-09-03 turku: 288 rows -> /home/maya/github/Finnish-energy-pipeline/data/staging/fmi/weather/date=2026-09-03/station=turku/data.parquet
2026-09-03 vaasa: 288 rows -> /home/maya/github/Finnish-energy-pipeline/data/staging/fmi/weather/date=2026-09-03/station=vaasa/data.parquet
2026-09-04 helsinki: 288 rows -> /home/maya/github/Finnish-energy-pipeline/data/staging/fmi/weather/date=2026-09-04/station=helsinki/data.parquet
2026-09-04 oulu: 288 rows -> /home/maya/github/Finnish-energy-pipeline/data/staging/fmi/weather/date=2026-09-04/station=oulu/data.parquet
2026-09-04 rovaniemi: 288 rows -> /home/maya/github/Finnish-energy-pipeline/data/staging/fmi/weather/date=2026-09-04/station=rovaniemi/data.parquet
2026-09-04 tampere: 288 rows -> /home/maya/github/Finnish-energy-pipeline/data/staging/fmi/weather/date=2026-09-04/station=tampere/data.parquet
2026-09-04 turku: 288 rows -> /home/maya/github/Finnish-energy-pipeline/data/staging/fmi/weather/date=2026-09-04/station=turku/data.parquet
2026-09-04 vaasa: 288 rows -> /home/maya/github/Finnish-energy-pipeline/data/staging/fmi/weather/date=2026-09-04/station=vaasa/data.parquet
2026-09-05 helsinki: 288 rows -> /home/maya/github/Finnish-energy-pipeline/data/staging/fmi/weather/date=2026-09-05/station=helsinki/data.parquet
2026-09-05 oulu: 288 rows -> /home/maya/github/Finnish-energy-pipeline/data/staging/fmi/weather/date=2026-09-05/station=oulu/data.parquet
2026-09-05 rovaniemi: 288 rows -> /home/maya/github/Finnish-energy-pipeline/data/staging/fmi/weather/date=2026-09-05/station=rovaniemi/data.parquet
2026-09-05 tampere: 288 rows -> /home/maya/github/Finnish-energy-pipeline/data/staging/fmi/weather/date=2026-09-05/station=tampere/data.parquet
2026-09-05 turku: 288 rows -> /home/maya/github/Finnish-energy-pipeline/data/staging/fmi/weather/date=2026-09-05/station=turku/data.parquet
2026-09-05 vaasa: 288 rows -> /home/maya/github/Finnish-energy-pipeline/data/staging/fmi/weather/date=2026-09-05/station=vaasa/data.parquet
2026-09-06 helsinki: 288 rows -> /home/maya/github/Finnish-energy-pipeline/data/staging/fmi/weather/date=2026-09-06/station=helsinki/data.parquet
2026-09-06 oulu: 288 rows -> /home/maya/github/Finnish-energy-pipeline/data/staging/fmi/weather/date=2026-09-06/station=oulu/data.parquet
2026-09-06 rovaniemi: 288 rows -> /home/maya/github/Finnish-energy-pipeline/data/staging/fmi/weather/date=2026-09-06/station=rovaniemi/data.parquet
2026-09-06 tampere: 288 rows -> /home/maya/github/Finnish-energy-pipeline/data/staging/fmi/weather/date=2026-09-06/station=tampere/data.parquet
2026-09-06 turku: 288 rows -> /home/maya/github/Finnish-energy-pipeline/data/staging/fmi/weather/date=2026-09-06/station=turku/data.parquet
2026-09-06 vaasa: 288 rows -> /home/maya/github/Finnish-energy-pipeline/data/staging/fmi/weather/date=2026-09-06/station=vaasa/data.parquet
2026-09-07 helsinki: 288 rows -> /home/maya/github/Finnish-energy-pipeline/data/staging/fmi/weather/date=2026-09-07/station=helsinki/data.parquet
2026-09-07 oulu: 288 rows -> /home/maya/github/Finnish-energy-pipeline/data/staging/fmi/weather/date=2026-09-07/station=oulu/data.parquet
2026-09-07 rovaniemi: 288 rows -> /home/maya/github/Finnish-energy-pipeline/data/staging/fmi/weather/date=2026-09-07/station=rovaniemi/data.parquet
2026-09-07 tampere: 288 rows -> /home/maya/github/Finnish-energy-pipeline/data/staging/fmi/weather/date=2026-09-07/station=tampere/data.parquet
2026-09-07 turku: 288 rows -> /home/maya/github/Finnish-energy-pipeline/data/staging/fmi/weather/date=2026-09-07/station=turku/data.parquet
2026-09-07 vaasa: 288 rows -> /home/maya/github/Finnish-energy-pipeline/data/staging/fmi/weather/date=2026-09-07/station=vaasa/data.parquet
2026-09-08 helsinki: 288 rows -> /home/maya/github/Finnish-energy-pipeline/data/staging/fmi/weather/date=2026-09-08/station=helsinki/data.parquet
2026-09-08 oulu: 288 rows -> /home/maya/github/Finnish-energy-pipeline/data/staging/fmi/weather/date=2026-09-08/station=oulu/data.parquet
2026-09-08 rovaniemi: 288 rows -> /home/maya/github/Finnish-energy-pipeline/data/staging/fmi/weather/date=2026-09-08/station=rovaniemi/data.parquet
2026-09-08 tampere: 288 rows -> /home/maya/github/Finnish-energy-pipeline/data/staging/fmi/weather/date=2026-09-08/station=tampere/data.parquet
2026-09-08 turku: 288 rows -> /home/maya/github/Finnish-energy-pipeline/data/staging/fmi/weather/date=2026-09-08/station=turku/data.parquet
2026-09-08 vaasa: 288 rows -> /home/maya/github/Finnish-energy-pipeline/data/staging/fmi/weather/date=2026-09-08/station=vaasa/data.parquet
2026-09-09 helsinki: 288 rows -> /home/maya/github/Finnish-energy-pipeline/data/staging/fmi/weather/date=2026-09-09/station=helsinki/data.parquet
2026-09-09 oulu: 288 rows -> /home/maya/github/Finnish-energy-pipeline/data/staging/fmi/weather/date=2026-09-09/station=oulu/data.parquet
2026-09-09 rovaniemi: 288 rows -> /home/maya/github/Finnish-energy-pipeline/data/staging/fmi/weather/date=2026-09-09/station=rovaniemi/data.parquet
2026-09-09 tampere: 288 rows -> /home/maya/github/Finnish-energy-pipeline/data/staging/fmi/weather/date=2026-09-09/station=tampere/data.parquet
2026-09-09 turku: 276 rows -> /home/maya/github/Finnish-energy-pipeline/data/staging/fmi/weather/date=2026-09-09/station=turku/data.parquet
2026-09-09 vaasa: 288 rows -> /home/maya/github/Finnish-energy-pipeline/data/staging/fmi/weather/date=2026-09-09/station=vaasa/data.parquet
2026-09-10 helsinki: 288 rows -> /home/maya/github/Finnish-energy-pipeline/data/staging/fmi/weather/date=2026-09-10/station=helsinki/data.parquet
2026-09-10 oulu: 288 rows -> /home/maya/github/Finnish-energy-pipeline/data/staging/fmi/weather/date=2026-09-10/station=oulu/data.parquet
2026-09-10 rovaniemi: 288 rows -> /home/maya/github/Finnish-energy-pipeline/data/staging/fmi/weather/date=2026-09-10/station=rovaniemi/data.parquet
2026-09-10 tampere: 288 rows -> /home/maya/github/Finnish-energy-pipeline/data/staging/fmi/weather/date=2026-09-10/station=tampere/data.parquet
2026-09-10 turku: 288 rows -> /home/maya/github/Finnish-energy-pipeline/data/staging/fmi/weather/date=2026-09-10/station=turku/data.parquet
2026-09-10 vaasa: 288 rows -> /home/maya/github/Finnish-energy-pipeline/data/staging/fmi/weather/date=2026-09-10/station=vaasa/data.parquet
2026-09-11 helsinki: 288 rows -> /home/maya/github/Finnish-energy-pipeline/data/staging/fmi/weather/date=2026-09-11/station=helsinki/data.parquet
2026-09-11 oulu: 288 rows -> /home/maya/github/Finnish-energy-pipeline/data/staging/fmi/weather/date=2026-09-11/station=oulu/data.parquet
2026-09-11 rovaniemi: 288 rows -> /home/maya/github/Finnish-energy-pipeline/data/staging/fmi/weather/date=2026-09-11/station=rovaniemi/data.parquet
2026-09-11 tampere: 288 rows -> /home/maya/github/Finnish-energy-pipeline/data/staging/fmi/weather/date=2026-09-11/station=tampere/data.parquet
2026-09-11 turku: 288 rows -> /home/maya/github/Finnish-energy-pipeline/data/staging/fmi/weather/date=2026-09-11/station=turku/data.parquet
2026-09-11 vaasa: 288 rows -> /home/maya/github/Finnish-energy-pipeline/data/staging/fmi/weather/date=2026-09-11/station=vaasa/data.parquet
2026-09-12 helsinki: 288 rows -> /home/maya/github/Finnish-energy-pipeline/data/staging/fmi/weather/date=2026-09-12/station=helsinki/data.parquet
2026-09-12 oulu: 288 rows -> /home/maya/github/Finnish-energy-pipeline/data/staging/fmi/weather/date=2026-09-12/station=oulu/data.parquet
2026-09-12 rovaniemi: 288 rows -> /home/maya/github/Finnish-energy-pipeline/data/staging/fmi/weather/date=2026-09-12/station=rovaniemi/data.parquet
2026-09-12 tampere: 288 rows -> /home/maya/github/Finnish-energy-pipeline/data/staging/fmi/weather/date=2026-09-12/station=tampere/data.parquet
2026-09-12 turku: 288 rows -> /home/maya/github/Finnish-energy-pipeline/data/staging/fmi/weather/date=2026-09-12/station=turku/data.parquet
2026-09-12 vaasa: 288 rows -> /home/maya/github/Finnish-energy-pipeline/data/staging/fmi/weather/date=2026-09-12/station=vaasa/data.parquet
2026-09-13 helsinki: 288 rows -> /home/maya/github/Finnish-energy-pipeline/data/staging/fmi/weather/date=2026-09-13/station=helsinki/data.parquet
2026-09-13 oulu: 288 rows -> /home/maya/github/Finnish-energy-pipeline/data/staging/fmi/weather/date=2026-09-13/station=oulu/data.parquet
2026-09-13 rovaniemi: 288 rows -> /home/maya/github/Finnish-energy-pipeline/data/staging/fmi/weather/date=2026-09-13/station=rovaniemi/data.parquet
2026-09-13 tampere: 288 rows -> /home/maya/github/Finnish-energy-pipeline/data/staging/fmi/weather/date=2026-09-13/station=tampere/data.parquet
2026-09-13 turku: 288 rows -> /home/maya/github/Finnish-energy-pipeline/data/staging/fmi/weather/date=2026-09-13/station=turku/data.parquet
2026-09-13 vaasa: 288 rows -> /home/maya/github/Finnish-energy-pipeline/data/staging/fmi/weather/date=2026-09-13/station=vaasa/data.parquet
2026-09-14 helsinki: 288 rows -> /home/maya/github/Finnish-energy-pipeline/data/staging/fmi/weather/date=2026-09-14/station=helsinki/data.parquet
2026-09-14 oulu: 288 rows -> /home/maya/github/Finnish-energy-pipeline/data/staging/fmi/weather/date=2026-09-14/station=oulu/data.parquet
2026-09-14 rovaniemi: 288 rows -> /home/maya/github/Finnish-energy-pipeline/data/staging/fmi/weather/date=2026-09-14/station=rovaniemi/data.parquet
2026-09-14 tampere: 288 rows -> /home/maya/github/Finnish-energy-pipeline/data/staging/fmi/weather/date=2026-09-14/station=tampere/data.parquet
2026-09-14 turku: 288 rows -> /home/maya/github/Finnish-energy-pipeline/data/staging/fmi/weather/date=2026-09-14/station=turku/data.parquet
2026-09-14 vaasa: 288 rows -> /home/maya/github/Finnish-energy-pipeline/data/staging/fmi/weather/date=2026-09-14/station=vaasa/data.parquet
2026-09-15 helsinki: 288 rows -> /home/maya/github/Finnish-energy-pipeline/data/staging/fmi/weather/date=2026-09-15/station=helsinki/data.parquet
2026-09-15 oulu: 288 rows -> /home/maya/github/Finnish-energy-pipeline/data/staging/fmi/weather/date=2026-09-15/station=oulu/data.parquet
2026-09-15 rovaniemi: 288 rows -> /home/maya/github/Finnish-energy-pipeline/data/staging/fmi/weather/date=2026-09-15/station=rovaniemi/data.parquet
2026-09-15 tampere: 288 rows -> /home/maya/github/Finnish-energy-pipeline/data/staging/fmi/weather/date=2026-09-15/station=tampere/data.parquet
2026-09-15 turku: 288 rows -> /home/maya/github/Finnish-energy-pipeline/data/staging/fmi/weather/date=2026-09-15/station=turku/data.parquet
2026-09-15 vaasa: 288 rows -> /home/maya/github/Finnish-energy-pipeline/data/staging/fmi/weather/date=2026-09-15/station=vaasa/data.parquet
2026-09-16 helsinki: 288 rows -> /home/maya/github/Finnish-energy-pipeline/data/staging/fmi/weather/date=2026-09-16/station=helsinki/data.parquet
2026-09-16 oulu: 288 rows -> /home/maya/github/Finnish-energy-pipeline/data/staging/fmi/weather/date=2026-09-16/station=oulu/data.parquet
2026-09-16 rovaniemi: 288 rows -> /home/maya/github/Finnish-energy-pipeline/data/staging/fmi/weather/date=2026-09-16/station=rovaniemi/data.parquet
2026-09-16 tampere: 288 rows -> /home/maya/github/Finnish-energy-pipeline/data/staging/fmi/weather/date=2026-09-16/station=tampere/data.parquet
2026-09-16 turku: 288 rows -> /home/maya/github/Finnish-energy-pipeline/data/staging/fmi/weather/date=2026-09-16/station=turku/data.parquet
2026-09-16 vaasa: 288 rows -> /home/maya/github/Finnish-energy-pipeline/data/staging/fmi/weather/date=2026-09-16/station=vaasa/data.parquet
2026-09-17 helsinki: 288 rows -> /home/maya/github/Finnish-energy-pipeline/data/staging/fmi/weather/date=2026-09-17/station=helsinki/data.parquet
2026-09-17 oulu: 288 rows -> /home/maya/github/Finnish-energy-pipeline/data/staging/fmi/weather/date=2026-09-17/station=oulu/data.parquet
2026-09-17 rovaniemi: 288 rows -> /home/maya/github/Finnish-energy-pipeline/data/staging/fmi/weather/date=2026-09-17/station=rovaniemi/data.parquet
2026-09-17 tampere: 288 rows -> /home/maya/github/Finnish-energy-pipeline/data/staging/fmi/weather/date=2026-09-17/station=tampere/data.parquet
2026-09-17 turku: 288 rows -> /home/maya/github/Finnish-energy-pipeline/data/staging/fmi/weather/date=2026-09-17/station=turku/data.parquet
2026-09-17 vaasa: 288 rows -> /home/maya/github/Finnish-energy-pipeline/data/staging/fmi/weather/date=2026-09-17/station=vaasa/data.parquet
2026-09-18 helsinki: 288 rows -> /home/maya/github/Finnish-energy-pipeline/data/staging/fmi/weather/date=2026-09-18/station=helsinki/data.parquet
2026-09-18 oulu: 288 rows -> /home/maya/github/Finnish-energy-pipeline/data/staging/fmi/weather/date=2026-09-18/station=oulu/data.parquet
2026-09-18 rovaniemi: 288 rows -> /home/maya/github/Finnish-energy-pipeline/data/staging/fmi/weather/date=2026-09-18/station=rovaniemi/data.parquet
2026-09-18 tampere: 288 rows -> /home/maya/github/Finnish-energy-pipeline/data/staging/fmi/weather/date=2026-09-18/station=tampere/data.parquet
2026-09-18 turku: 288 rows -> /home/maya/github/Finnish-energy-pipeline/data/staging/fmi/weather/date=2026-09-18/station=turku/data.parquet
2026-09-18 vaasa: 288 rows -> /home/maya/github/Finnish-energy-pipeline/data/staging/fmi/weather/date=2026-09-18/station=vaasa/data.parquet
2026-09-19 helsinki: 288 rows -> /home/maya/github/Finnish-energy-pipeline/data/staging/fmi/weather/date=2026-09-19/station=helsinki/data.parquet
2026-09-19 oulu: 288 rows -> /home/maya/github/Finnish-energy-pipeline/data/staging/fmi/weather/date=2026-09-19/station=oulu/data.parquet
2026-09-19 rovaniemi: 288 rows -> /home/maya/github/Finnish-energy-pipeline/data/staging/fmi/weather/date=2026-09-19/station=rovaniemi/data.parquet
2026-09-19 tampere: 288 rows -> /home/maya/github/Finnish-energy-pipeline/data/staging/fmi/weather/date=2026-09-19/station=tampere/data.parquet
2026-09-19 turku: 288 rows -> /home/maya/github/Finnish-energy-pipeline/data/staging/fmi/weather/date=2026-09-19/station=turku/data.parquet
2026-09-19 vaasa: 288 rows -> /home/maya/github/Finnish-energy-pipeline/data/staging/fmi/weather/date=2026-09-19/station=vaasa/data.parquet
2026-09-20 helsinki: 288 rows -> /home/maya/github/Finnish-energy-pipeline/data/staging/fmi/weather/date=2026-09-20/station=helsinki/data.parquet
2026-09-20 oulu: 288 rows -> /home/maya/github/Finnish-energy-pipeline/data/staging/fmi/weather/date=2026-09-20/station=oulu/data.parquet
2026-09-20 rovaniemi: 288 rows -> /home/maya/github/Finnish-energy-pipeline/data/staging/fmi/weather/date=2026-09-20/station=rovaniemi/data.parquet
2026-09-20 tampere: 288 rows -> /home/maya/github/Finnish-energy-pipeline/data/staging/fmi/weather/date=2026-09-20/station=tampere/data.parquet
2026-09-20 turku: 288 rows -> /home/maya/github/Finnish-energy-pipeline/data/staging/fmi/weather/date=2026-09-20/station=turku/data.parquet
2026-09-20 vaasa: 288 rows -> /home/maya/github/Finnish-energy-pipeline/data/staging/fmi/weather/date=2026-09-20/station=vaasa/data.parquet
2026-09-21 helsinki: 288 rows -> /home/maya/github/Finnish-energy-pipeline/data/staging/fmi/weather/date=2026-09-21/station=helsinki/data.parquet
2026-09-21 oulu: 288 rows -> /home/maya/github/Finnish-energy-pipeline/data/staging/fmi/weather/date=2026-09-21/station=oulu/data.parquet
2026-09-21 rovaniemi: 288 rows -> /home/maya/github/Finnish-energy-pipeline/data/staging/fmi/weather/date=2026-09-21/station=rovaniemi/data.parquet
2026-09-21 tampere: 288 rows -> /home/maya/github/Finnish-energy-pipeline/data/staging/fmi/weather/date=2026-09-21/station=tampere/data.parquet
2026-09-21 turku: 288 rows -> /home/maya/github/Finnish-energy-pipeline/data/staging/fmi/weather/date=2026-09-21/station=turku/data.parquet
2026-09-21 vaasa: 288 rows -> /home/maya/github/Finnish-energy-pipeline/data/staging/fmi/weather/date=2026-09-21/station=vaasa/data.parquet
2026-09-22 helsinki: 288 rows -> /home/maya/github/Finnish-energy-pipeline/data/staging/fmi/weather/date=2026-09-22/station=helsinki/data.parquet
2026-09-22 oulu: 288 rows -> /home/maya/github/Finnish-energy-pipeline/data/staging/fmi/weather/date=2026-09-22/station=oulu/data.parquet
2026-09-22 rovaniemi: 288 rows -> /home/maya/github/Finnish-energy-pipeline/data/staging/fmi/weather/date=2026-09-22/station=rovaniemi/data.parquet
2026-09-22 tampere: 288 rows -> /home/maya/github/Finnish-energy-pipeline/data/staging/fmi/weather/date=2026-09-22/station=tampere/data.parquet
2026-09-22 turku: 288 rows -> /home/maya/github/Finnish-energy-pipeline/data/staging/fmi/weather/date=2026-09-22/station=turku/data.parquet
2026-09-22 vaasa: 288 rows -> /home/maya/github/Finnish-energy-pipeline/data/staging/fmi/weather/date=2026-09-22/station=vaasa/data.parquet
2026-09-23 helsinki: 288 rows -> /home/maya/github/Finnish-energy-pipeline/data/staging/fmi/weather/date=2026-09-23/station=helsinki/data.parquet
2026-09-23 oulu: 288 rows -> /home/maya/github/Finnish-energy-pipeline/data/staging/fmi/weather/date=2026-09-23/station=oulu/data.parquet
2026-09-23 rovaniemi: 288 rows -> /home/maya/github/Finnish-energy-pipeline/data/staging/fmi/weather/date=2026-09-23/station=rovaniemi/data.parquet
2026-09-23 tampere: 288 rows -> /home/maya/github/Finnish-energy-pipeline/data/staging/fmi/weather/date=2026-09-23/station=tampere/data.parquet
2026-09-23 turku: 288 rows -> /home/maya/github/Finnish-energy-pipeline/data/staging/fmi/weather/date=2026-09-23/station=turku/data.parquet
2026-09-23 vaasa: 288 rows -> /home/maya/github/Finnish-energy-pipeline/data/staging/fmi/weather/date=2026-09-23/station=vaasa/data.parquet
2026-09-24 helsinki: 288 rows -> /home/maya/github/Finnish-energy-pipeline/data/staging/fmi/weather/date=2026-09-24/station=helsinki/data.parquet
2026-09-24 oulu: 288 rows -> /home/maya/github/Finnish-energy-pipeline/data/staging/fmi/weather/date=2026-09-24/station=oulu/data.parquet
2026-09-24 rovaniemi: 288 rows -> /home/maya/github/Finnish-energy-pipeline/data/staging/fmi/weather/date=2026-09-24/station=rovaniemi/data.parquet
2026-09-24 tampere: 288 rows -> /home/maya/github/Finnish-energy-pipeline/data/staging/fmi/weather/date=2026-09-24/station=tampere/data.parquet
2026-09-24 turku: 288 rows -> /home/maya/github/Finnish-energy-pipeline/data/staging/fmi/weather/date=2026-09-24/station=turku/data.parquet
2026-09-24 vaasa: 288 rows -> /home/maya/github/Finnish-energy-pipeline/data/staging/fmi/weather/date=2026-09-24/station=vaasa/data.parquet
2026-09-25 helsinki: 288 rows -> /home/maya/github/Finnish-energy-pipeline/data/staging/fmi/weather/date=2026-09-25/station=helsinki/data.parquet
2026-09-25 oulu: 288 rows -> /home/maya/github/Finnish-energy-pipeline/data/staging/fmi/weather/date=2026-09-25/station=oulu/data.parquet
2026-09-25 rovaniemi: 288 rows -> /home/maya/github/Finnish-energy-pipeline/data/staging/fmi/weather/date=2026-09-25/station=rovaniemi/data.parquet
2026-09-25 tampere: 288 rows -> /home/maya/github/Finnish-energy-pipeline/data/staging/fmi/weather/date=2026-09-25/station=tampere/data.parquet
2026-09-25 turku: 288 rows -> /home/maya/github/Finnish-energy-pipeline/data/staging/fmi/weather/date=2026-09-25/station=turku/data.parquet
2026-09-25 vaasa: 288 rows -> /home/maya/github/Finnish-energy-pipeline/data/staging/fmi/weather/date=2026-09-25/station=vaasa/data.parquet
2026-09-26 helsinki: 288 rows -> /home/maya/github/Finnish-energy-pipeline/data/staging/fmi/weather/date=2026-09-26/station=helsinki/data.parquet
2026-09-26 oulu: 288 rows -> /home/maya/github/Finnish-energy-pipeline/data/staging/fmi/weather/date=2026-09-26/station=oulu/data.parquet
2026-09-26 rovaniemi: 288 rows -> /home/maya/github/Finnish-energy-pipeline/data/staging/fmi/weather/date=2026-09-26/station=rovaniemi/data.parquet
2026-09-26 tampere: 288 rows -> /home/maya/github/Finnish-energy-pipeline/data/staging/fmi/weather/date=2026-09-26/station=tampere/data.parquet
2026-09-26 turku: 288 rows -> /home/maya/github/Finnish-energy-pipeline/data/staging/fmi/weather/date=2026-09-26/station=turku/data.parquet
2026-09-26 vaasa: 288 rows -> /home/maya/github/Finnish-energy-pipeline/data/staging/fmi/weather/date=2026-09-26/station=vaasa/data.parquet
2026-09-27 helsinki: 288 rows -> /home/maya/github/Finnish-energy-pipeline/data/staging/fmi/weather/date=2026-09-27/station=helsinki/data.parquet
2026-09-27 oulu: 288 rows -> /home/maya/github/Finnish-energy-pipeline/data/staging/fmi/weather/date=2026-09-27/station=oulu/data.parquet
2026-09-27 rovaniemi: 288 rows -> /home/maya/github/Finnish-energy-pipeline/data/staging/fmi/weather/date=2026-09-27/station=rovaniemi/data.parquet
2026-09-27 tampere: 288 rows -> /home/maya/github/Finnish-energy-pipeline/data/staging/fmi/weather/date=2026-09-27/station=tampere/data.parquet
2026-09-27 turku: 288 rows -> /home/maya/github/Finnish-energy-pipeline/data/staging/fmi/weather/date=2026-09-27/station=turku/data.parquet
2026-09-27 vaasa: 288 rows -> /home/maya/github/Finnish-energy-pipeline/data/staging/fmi/weather/date=2026-09-27/station=vaasa/data.parquet
2026-09-28 helsinki: 288 rows -> /home/maya/github/Finnish-energy-pipeline/data/staging/fmi/weather/date=2026-09-28/station=helsinki/data.parquet
2026-09-28 oulu: 288 rows -> /home/maya/github/Finnish-energy-pipeline/data/staging/fmi/weather/date=2026-09-28/station=oulu/data.parquet
2026-09-28 rovaniemi: 288 rows -> /home/maya/github/Finnish-energy-pipeline/data/staging/fmi/weather/date=2026-09-28/station=rovaniemi/data.parquet
2026-09-28 tampere: 288 rows -> /home/maya/github/Finnish-energy-pipeline/data/staging/fmi/weather/date=2026-09-28/station=tampere/data.parquet
2026-09-28 turku: 288 rows -> /home/maya/github/Finnish-energy-pipeline/data/staging/fmi/weather/date=2026-09-28/station=turku/data.parquet
2026-09-28 vaasa: 288 rows -> /home/maya/github/Finnish-energy-pipeline/data/staging/fmi/weather/date=2026-09-28/station=vaasa/data.parquet
2026-09-29 helsinki: 288 rows -> /home/maya/github/Finnish-energy-pipeline/data/staging/fmi/weather/date=2026-09-29/station=helsinki/data.parquet
2026-09-29 oulu: 288 rows -> /home/maya/github/Finnish-energy-pipeline/data/staging/fmi/weather/date=2026-09-29/station=oulu/data.parquet
2026-09-29 rovaniemi: 288 rows -> /home/maya/github/Finnish-energy-pipeline/data/staging/fmi/weather/date=2026-09-29/station=rovaniemi/data.parquet
2026-09-29 tampere: 288 rows -> /home/maya/github/Finnish-energy-pipeline/data/staging/fmi/weather/date=2026-09-29/station=tampere/data.parquet
2026-09-29 turku: 288 rows -> /home/maya/github/Finnish-energy-pipeline/data/staging/fmi/weather/date=2026-09-29/station=turku/data.parquet
2026-09-29 vaasa: 288 rows -> /home/maya/github/Finnish-energy-pipeline/data/staging/fmi/weather/date=2026-09-29/station=vaasa/data.parquet
2026-09-30 helsinki: 288 rows -> /home/maya/github/Finnish-energy-pipeline/data/staging/fmi/weather/date=2026-09-30/station=helsinki/data.parquet
2026-09-30 oulu: 288 rows -> /home/maya/github/Finnish-energy-pipeline/data/staging/fmi/weather/date=2026-09-30/station=oulu/data.parquet
2026-09-30 rovaniemi: 288 rows -> /home/maya/github/Finnish-energy-pipeline/data/staging/fmi/weather/date=2026-09-30/station=rovaniemi/data.parquet
2026-09-30 tampere: 288 rows -> /home/maya/github/Finnish-energy-pipeline/data/staging/fmi/weather/date=2026-09-30/station=tampere/data.parquet
2026-09-30 turku: 288 rows -> /home/maya/github/Finnish-energy-pipeline/data/staging/fmi/weather/date=2026-09-30/station=turku/data.parquet
2026-09-30 vaasa: 288 rows -> /home/maya/github/Finnish-energy-pipeline/data/staging/fmi/weather/date=2026-09-30/station=vaasa/data.parquet
2026-10-01 helsinki: 288 rows -> /home/maya/github/Finnish-energy-pipeline/data/staging/fmi/weather/date=2026-10-01/station=helsinki/data.parquet
2026-10-01 oulu: 288 rows -> /home/maya/github/Finnish-energy-pipeline/data/staging/fmi/weather/date=2026-10-01/station=oulu/data.parquet
2026-10-01 rovaniemi: 288 rows -> /home/maya/github/Finnish-energy-pipeline/data/staging/fmi/weather/date=2026-10-01/station=rovaniemi/data.parquet
2026-10-01 tampere: 288 rows -> /home/maya/github/Finnish-energy-pipeline/data/staging/fmi/weather/date=2026-10-01/station=tampere/data.parquet
2026-10-01 turku: 288 rows -> /home/maya/github/Finnish-energy-pipeline/data/staging/fmi/weather/date=2026-10-01/station=turku/data.parquet
2026-10-01 vaasa: 288 rows -> /home/maya/github/Finnish-energy-pipeline/data/staging/fmi/weather/date=2026-10-01/station=vaasa/data.parquet
2026-10-02 helsinki: 288 rows -> /home/maya/github/Finnish-energy-pipeline/data/staging/fmi/weather/date=2026-10-02/station=helsinki/data.parquet
2026-10-02 oulu: 288 rows -> /home/maya/github/Finnish-energy-pipeline/data/staging/fmi/weather/date=2026-10-02/station=oulu/data.parquet
2026-10-02 rovaniemi: 288 rows -> /home/maya/github/Finnish-energy-pipeline/data/staging/fmi/weather/date=2026-10-02/station=rovaniemi/data.parquet
2026-10-02 tampere: 288 rows -> /home/maya/github/Finnish-energy-pipeline/data/staging/fmi/weather/date=2026-10-02/station=tampere/data.parquet
2026-10-02 turku: 288 rows -> /home/maya/github/Finnish-energy-pipeline/data/staging/fmi/weather/date=2026-10-02/station=turku/data.parquet
2026-10-02 vaasa: 288 rows -> /home/maya/github/Finnish-energy-pipeline/data/staging/fmi/weather/date=2026-10-02/station=vaasa/data.parquet
